dateStart,title,latitude,longitude,description
2019-12-01 01:25:00 UTC,ASSAULT,41.883895748,-87.647420028,SIMPLE
2019-12-01 02:30:00 UTC,ASSAULT,41.766363637,-87.673573783,SIMPLE
2019-12-01 03:13:00 UTC,ASSAULT,41.804772841,-87.633256046,AGG PO HANDS NO/MIN INJURY
2019-12-01 03:30:00 UTC,ASSAULT,41.870013763,-87.726102154,SIMPLE
2019-12-01 04:00:00 UTC,ASSAULT,41.783449861,-87.640971514,SIMPLE
2019-12-01 04:00:00 UTC,ASSAULT,41.893429499,-87.635619998,SIMPLE
2019-12-01 08:45:00 UTC,ASSAULT,42.016040123,-87.668817255,SIMPLE
2019-12-01 11:00:00 UTC,ASSAULT,41.882141861,-87.682251311,SIMPLE
2019-12-01 12:30:00 UTC,ASSAULT,41.84908512,-87.710047944,SIMPLE
2019-12-01 13:00:00 UTC,ASSAULT,41.877650835,-87.748270897,SIMPLE
2019-12-01 13:30:00 UTC,ASSAULT,41.814317008,-87.606674143,SIMPLE
2019-12-01 14:00:00 UTC,ASSAULT,41.870826006,-87.716820096,SIMPLE
2019-12-01 14:30:00 UTC,ASSAULT,41.941778696,-87.65138719,SIMPLE
2019-12-01 15:15:00 UTC,ASSAULT,41.87115403,-87.664133439,SIMPLE
2019-12-01 16:00:00 UTC,ASSAULT,41.762391764,-87.671037717,SIMPLE
2019-12-01 16:35:00 UTC,ASSAULT,41.793254334,-87.649993487,SIMPLE
2019-12-01 17:00:00 UTC,ASSAULT,41.842241391,-87.695141061,SIMPLE
2019-12-01 17:00:00 UTC,ASSAULT,41.848976489,-87.702715713,SIMPLE
2019-12-01 17:38:00 UTC,ASSAULT,41.808328616,-87.643098887,SIMPLE
2019-12-01 18:00:00 UTC,ASSAULT,41.769583785,-87.690711309,SIMPLE
2019-12-01 19:15:00 UTC,ASSAULT,41.869855317,-87.721584027,SIMPLE
2019-12-01 20:00:00 UTC,ASSAULT,41.785566228,-87.688692719,SIMPLE
2019-12-01 20:10:00 UTC,ASSAULT,41.928595537,-87.762023724,SIMPLE
2019-12-01 21:00:00 UTC,ASSAULT,41.883606261,-87.681586448,SIMPLE
2019-12-01 21:20:00 UTC,ASSAULT,41.691653719,-87.641147626,SIMPLE
2019-12-01 21:30:00 UTC,ASSAULT,41.75702248,-87.558073456,SIMPLE
2019-12-01 22:14:00 UTC,ASSAULT,41.917042179,-87.736635084,SIMPLE
2019-12-02 00:40:00 UTC,ASSAULT,41.900670062,-87.737162208,SIMPLE
2019-12-02 03:00:00 UTC,ASSAULT,41.890020368,-87.751749905,SIMPLE
2019-12-02 05:00:00 UTC,ASSAULT,41.949649326,-87.64407246,SIMPLE
2019-12-02 05:45:00 UTC,ASSAULT,41.731895926,-87.63742215,SIMPLE
2019-12-02 08:30:00 UTC,ASSAULT,42.009527102,-87.665794246,SIMPLE
2019-12-02 08:30:00 UTC,ASSAULT,41.743037132,-87.665985752,SIMPLE
2019-12-02 08:44:00 UTC,ASSAULT,41.662503076,-87.643842376,SIMPLE
2019-12-02 08:57:00 UTC,ASSAULT,41.911343842,-87.63471588,SIMPLE
2019-12-02 09:45:00 UTC,ASSAULT,41.990159786,-87.726830225,PRO EMP HANDS NO/MIN INJURY
2019-12-02 11:00:00 UTC,ASSAULT,41.662944028,-87.641411276,SIMPLE
2019-12-02 12:20:00 UTC,ASSAULT,41.781142124,-87.675567181,SIMPLE
2019-12-02 12:35:00 UTC,ASSAULT,41.905447207,-87.685871795,PRO EMP HANDS NO/MIN INJURY
2019-12-02 13:00:00 UTC,ASSAULT,41.930917022,-87.644024267,SIMPLE
2019-12-02 13:47:00 UTC,ASSAULT,41.755613227,-87.634420924,SIMPLE
2019-12-02 14:00:00 UTC,ASSAULT,41.98287878,-87.791440835,SIMPLE
2019-12-02 14:13:00 UTC,ASSAULT,41.873844864,-87.763062329,SIMPLE
2019-12-02 14:15:00 UTC,ASSAULT,41.892571811,-87.621959165,SIMPLE
2019-12-02 14:42:00 UTC,ASSAULT,41.975301836,-87.653684867,SIMPLE
2019-12-02 14:46:00 UTC,ASSAULT,41.772854092,-87.588742874,SIMPLE
2019-12-02 16:02:00 UTC,ASSAULT,41.888045958,-87.625413826,SIMPLE
2019-12-02 16:25:00 UTC,ASSAULT,41.883210106,-87.634291664,SIMPLE
2019-12-02 16:30:00 UTC,ASSAULT,41.910988386,-87.695782989,SIMPLE
2019-12-02 17:18:00 UTC,ASSAULT,41.81257333,-87.613916588,SIMPLE
2019-12-02 17:40:00 UTC,ASSAULT,41.701811034,-87.563984542,SIMPLE
2019-12-02 17:55:00 UTC,ASSAULT,41.719075392,-87.663435259,SIMPLE
2019-12-02 18:56:00 UTC,ASSAULT,41.843541708,-87.705011455,SIMPLE
2019-12-02 19:07:00 UTC,ASSAULT,41.895513392,-87.710742689,SIMPLE
2019-12-02 19:50:00 UTC,ASSAULT,41.911121846,-87.649810542,SIMPLE
2019-12-02 20:03:00 UTC,ASSAULT,42.007893927,-87.666672308,SIMPLE
2019-12-02 20:10:00 UTC,ASSAULT,41.902365801,-87.716854733,SIMPLE
2019-12-02 21:20:00 UTC,ASSAULT,41.978165398,-87.658567851,SIMPLE
2019-12-02 22:00:00 UTC,ASSAULT,41.763480438,-87.637924009,SIMPLE
2019-12-02 23:30:00 UTC,ASSAULT,41.925226238,-87.662683065,SIMPLE
2019-12-03 07:30:00 UTC,ASSAULT,41.869786389,-87.774281815,SIMPLE
2019-12-03 08:00:00 UTC,ASSAULT,41.789624447,-87.6547587,SIMPLE
2019-12-03 08:00:00 UTC,ASSAULT,41.91020429,-87.698395528,SIMPLE
2019-12-03 08:20:00 UTC,ASSAULT,41.65769335,-87.595834478,SIMPLE
2019-12-03 08:30:00 UTC,ASSAULT,41.742370817,-87.657161854,SIMPLE
2019-12-03 08:45:00 UTC,ASSAULT,41.802641458,-87.662382149,PRO EMP HANDS NO/MIN INJURY
2019-12-03 09:10:00 UTC,ASSAULT,41.96538061,-87.659110921,SIMPLE
2019-12-03 09:40:00 UTC,ASSAULT,41.84558589,-87.731082337,PRO EMP HANDS NO/MIN INJURY
2019-12-03 09:45:00 UTC,ASSAULT,41.716736461,-87.6479477,SIMPLE
2019-12-03 09:59:00 UTC,ASSAULT,41.905447207,-87.685871795,PRO EMP HANDS NO/MIN INJURY
2019-12-03 10:00:00 UTC,ASSAULT,41.759386759,-87.669137056,SIMPLE
2019-12-03 10:25:00 UTC,ASSAULT,41.881833204,-87.643028117,SIMPLE
2019-12-03 10:43:00 UTC,ASSAULT,41.841498227,-87.718378822,SIMPLE
2019-12-03 11:00:00 UTC,ASSAULT,41.677661758,-87.652872258,SIMPLE
2019-12-03 12:10:00 UTC,ASSAULT,41.800043514,-87.728259538,PRO EMP HANDS NO/MIN INJURY
2019-12-03 13:03:00 UTC,ASSAULT,41.754168689,-87.601635756,AGG PO HANDS NO/MIN INJURY
2019-12-03 13:30:00 UTC,ASSAULT,41.693466198,-87.643632627,SIMPLE
2019-12-03 14:24:00 UTC,ASSAULT,41.752297175,-87.600359675,SIMPLE
2019-12-03 14:30:00 UTC,ASSAULT,41.94020619,-87.782201754,SIMPLE
2019-12-03 14:36:00 UTC,ASSAULT,41.918894265,-87.735001129,SIMPLE
2019-12-03 14:50:00 UTC,ASSAULT,41.779234743,-87.685207125,SIMPLE
2019-12-03 15:30:00 UTC,ASSAULT,41.8634377,-87.723873589,SIMPLE
2019-12-03 15:44:00 UTC,ASSAULT,41.881524451,-87.662706932,SIMPLE
2019-12-03 16:00:00 UTC,ASSAULT,41.788835632,-87.645786841,SIMPLE
2019-12-03 16:00:00 UTC,ASSAULT,41.795622257,-87.61924769,SIMPLE
2019-12-03 17:30:00 UTC,ASSAULT,41.877566857,-87.684614749,SIMPLE
2019-12-03 17:30:00 UTC,ASSAULT,41.777991937,-87.706538949,SIMPLE
2019-12-03 17:59:00 UTC,ASSAULT,41.866658243,-87.725197721,SIMPLE
2019-12-03 18:00:00 UTC,ASSAULT,41.854843535,-87.711236387,SIMPLE
2019-12-03 18:10:00 UTC,ASSAULT,41.759873977,-87.556474087,PRO EMP HANDS NO/MIN INJURY
2019-12-03 18:27:00 UTC,ASSAULT,41.765444001,-87.626906181,SIMPLE
2019-12-03 19:00:00 UTC,ASSAULT,41.651431329,-87.527258234,SIMPLE
2019-12-03 19:40:00 UTC,ASSAULT,41.982462111,-87.656584197,SIMPLE
2019-12-03 19:49:00 UTC,ASSAULT,41.718682359,-87.567570758,SIMPLE
2019-12-03 20:10:00 UTC,ASSAULT,41.887711996,-87.617139647,SIMPLE
2019-12-03 20:15:00 UTC,ASSAULT,41.909478937,-87.757572596,AGG PO HANDS NO/MIN INJURY
2019-12-03 21:00:00 UTC,ASSAULT,41.805993183,-87.664900005,SIMPLE
2019-12-03 21:15:00 UTC,ASSAULT,41.929580262,-87.756991303,SIMPLE
2019-12-03 22:45:00 UTC,ASSAULT,41.734724236,-87.6114483,SIMPLE
2019-12-03 23:30:00 UTC,ASSAULT,41.789624447,-87.6547587,SIMPLE
2019-12-04 00:09:00 UTC,ASSAULT,41.983467597,-87.769540511,SIMPLE
2019-12-04 00:30:00 UTC,ASSAULT,41.794533814,-87.631438536,PRO EMP HANDS NO/MIN INJURY
2019-12-04 00:42:00 UTC,ASSAULT,41.983654176,-87.769535187,SIMPLE
2019-12-04 07:44:00 UTC,ASSAULT,42.006919041,-87.690116435,SIMPLE
2019-12-04 07:45:00 UTC,ASSAULT,41.805440779,-87.60647736,SIMPLE
2019-12-04 08:10:00 UTC,ASSAULT,41.754268506,-87.644873166,SIMPLE
2019-12-04 09:00:00 UTC,ASSAULT,41.750486833,-87.654555379,SIMPLE
2019-12-04 09:03:00 UTC,ASSAULT,41.785633231,-87.694793431,SIMPLE
2019-12-04 10:00:00 UTC,ASSAULT,41.69930993,-87.609881792,SIMPLE
2019-12-04 10:15:00 UTC,ASSAULT,41.883211225,-87.629980412,SIMPLE
2019-12-04 10:25:00 UTC,ASSAULT,41.885014813,-87.696393832,PRO EMP HANDS NO/MIN INJURY
2019-12-04 10:47:00 UTC,ASSAULT,41.828762287,-87.614436164,SIMPLE
2019-12-04 10:50:00 UTC,ASSAULT,41.860582253,-87.732982704,SIMPLE
2019-12-04 10:56:00 UTC,ASSAULT,41.860582253,-87.732982704,SIMPLE
2019-12-04 11:00:00 UTC,ASSAULT,41.86559259,-87.676214817,SIMPLE
2019-12-04 11:13:00 UTC,ASSAULT,41.876607964,-87.627644063,SIMPLE
2019-12-04 11:30:00 UTC,ASSAULT,41.894043905,-87.746986388,SIMPLE
2019-12-04 11:45:00 UTC,ASSAULT,41.864217865,-87.702173146,PRO EMP HANDS NO/MIN INJURY
2019-12-04 12:01:00 UTC,ASSAULT,41.930537295,-87.639298656,SIMPLE
2019-12-04 12:13:00 UTC,ASSAULT,41.864984883,-87.726355331,SIMPLE
2019-12-04 12:30:00 UTC,ASSAULT,41.878017787,-87.761740038,SIMPLE
2019-12-04 12:44:00 UTC,ASSAULT,41.875794873,-87.751886238,SIMPLE
2019-12-04 13:00:00 UTC,ASSAULT,41.882437369,-87.686467698,SIMPLE
2019-12-04 13:00:00 UTC,ASSAULT,41.780722001,-87.649671925,SIMPLE
2019-12-04 13:15:00 UTC,ASSAULT,41.859896296,-87.737218043,SIMPLE
2019-12-04 13:29:00 UTC,ASSAULT,41.793521775,-87.641490211,SIMPLE
2019-12-04 14:00:00 UTC,ASSAULT,41.778754713,-87.617297398,SIMPLE
2019-12-04 15:41:00 UTC,ASSAULT,41.747965603,-87.662163891,AGG PO HANDS NO/MIN INJURY
2019-12-04 15:50:00 UTC,ASSAULT,41.698651418,-87.535281225,SIMPLE
2019-12-04 15:50:00 UTC,ASSAULT,41.765719051,-87.582436322,SIMPLE
2019-12-04 16:00:00 UTC,ASSAULT,41.841289747,-87.628142362,SIMPLE
2019-12-04 16:13:00 UTC,ASSAULT,41.808614751,-87.664091468,SIMPLE
2019-12-04 16:20:00 UTC,ASSAULT,41.701811034,-87.563984542,SIMPLE
2019-12-04 17:30:00 UTC,ASSAULT,41.948784981,-87.795001355,SIMPLE
2019-12-04 17:30:00 UTC,ASSAULT,41.742963833,-87.614701485,SIMPLE
2019-12-04 17:30:00 UTC,ASSAULT,41.818964454,-87.604295718,SIMPLE
2019-12-04 17:40:00 UTC,ASSAULT,42.017622284,-87.80900502,SIMPLE
2019-12-04 18:00:00 UTC,ASSAULT,41.750655089,-87.643182039,SIMPLE
2019-12-04 18:25:00 UTC,ASSAULT,41.761927505,-87.713751107,SIMPLE
2019-12-04 18:30:00 UTC,ASSAULT,41.758868246,-87.576838856,PRO EMP HANDS NO/MIN INJURY
2019-12-04 18:52:00 UTC,ASSAULT,41.703063398,-87.618529631,SIMPLE
2019-12-04 19:00:00 UTC,ASSAULT,41.996588393,-87.689845238,SIMPLE
2019-12-04 19:00:00 UTC,ASSAULT,41.773085006,-87.568335406,SIMPLE
2019-12-04 19:00:00 UTC,ASSAULT,41.775268726,-87.672591663,SIMPLE
2019-12-04 19:12:00 UTC,ASSAULT,41.730276993,-87.603830307,SIMPLE
2019-12-04 20:00:00 UTC,ASSAULT,41.828203205,-87.626495474,SIMPLE
2019-12-04 20:45:00 UTC,ASSAULT,41.745657444,-87.673023617,SIMPLE
2019-12-04 21:39:00 UTC,ASSAULT,41.749854829,-87.648867162,AGG PO HANDS NO/MIN INJURY
2019-12-04 22:00:00 UTC,ASSAULT,41.909805432,-87.752654119,SIMPLE
2019-12-04 22:02:00 UTC,ASSAULT,41.722578383,-87.662706548,SIMPLE
2019-12-04 22:19:00 UTC,ASSAULT,41.904195229,-87.624434638,SIMPLE
2019-12-05 00:06:00 UTC,ASSAULT,41.757630995,-87.585708249,SIMPLE
2019-12-05 00:20:00 UTC,ASSAULT,41.8924816,-87.627351831,SIMPLE
2019-12-05 00:57:00 UTC,ASSAULT,41.879361356,-87.635879544,SIMPLE
2019-12-05 03:49:00 UTC,ASSAULT,41.697218282,-87.661333312,SIMPLE
2019-12-05 04:06:00 UTC,ASSAULT,41.949470571,-87.704229598,SIMPLE
2019-12-05 07:30:00 UTC,ASSAULT,41.976290414,-87.905227221,SIMPLE
2019-12-05 08:00:00 UTC,ASSAULT,41.96538061,-87.659110921,SIMPLE
2019-12-05 08:55:00 UTC,ASSAULT,41.751636442,-87.641628664,SIMPLE
2019-12-05 09:00:00 UTC,ASSAULT,41.69941558,-87.623301059,SIMPLE
2019-12-05 09:00:00 UTC,ASSAULT,41.688218178,-87.537357913,PRO EMP HANDS NO/MIN INJURY
2019-12-05 10:15:00 UTC,ASSAULT,41.950889938,-87.710380552,SIMPLE
2019-12-05 10:20:00 UTC,ASSAULT,41.858281851,-87.646654964,SIMPLE
2019-12-05 10:25:00 UTC,ASSAULT,41.904579871,-87.640696598,SIMPLE
2019-12-05 10:25:00 UTC,ASSAULT,42.018495011,-87.682989305,SIMPLE
2019-12-05 10:36:00 UTC,ASSAULT,41.820706776,-87.689672123,PRO EMP HANDS NO/MIN INJURY
2019-12-05 10:40:00 UTC,ASSAULT,41.856083523,-87.627164967,SIMPLE
2019-12-05 11:00:00 UTC,ASSAULT,42.022534793,-87.673434623,SIMPLE
2019-12-05 12:45:00 UTC,ASSAULT,41.893611655,-87.66721933,SIMPLE
2019-12-05 13:35:00 UTC,ASSAULT,41.79763606,-87.603881043,SIMPLE
2019-12-05 13:42:00 UTC,ASSAULT,41.881756669,-87.686445186,PRO EMP HANDS NO/MIN INJURY
2019-12-05 13:45:00 UTC,ASSAULT,41.783488078,-87.638664831,SIMPLE
2019-12-05 13:47:00 UTC,ASSAULT,41.875971051,-87.741250934,SIMPLE
2019-12-05 14:00:00 UTC,ASSAULT,41.767836987,-87.590355138,SIMPLE
2019-12-05 14:15:00 UTC,ASSAULT,41.88145568,-87.647346976,SIMPLE
2019-12-05 14:20:00 UTC,ASSAULT,41.961287044,-87.692796336,SIMPLE
2019-12-05 15:23:00 UTC,ASSAULT,41.785567569,-87.68502968,PRO EMP HANDS NO/MIN INJURY
2019-12-05 15:32:00 UTC,ASSAULT,41.752996613,-87.702486995,SIMPLE
2019-12-05 15:40:00 UTC,ASSAULT,41.872963554,-87.753663295,SIMPLE
2019-12-05 15:55:00 UTC,ASSAULT,41.891133566,-87.624134682,SIMPLE
2019-12-05 16:00:00 UTC,ASSAULT,41.765486603,-87.576288258,SIMPLE
2019-12-05 16:20:00 UTC,ASSAULT,41.744226478,-87.643855503,SIMPLE
2019-12-05 16:45:00 UTC,ASSAULT,42.018498254,-87.672983233,SIMPLE
2019-12-05 16:55:00 UTC,ASSAULT,41.984198867,-87.711346953,SIMPLE
2019-12-05 17:30:00 UTC,ASSAULT,41.778107067,-87.664185111,SIMPLE
2019-12-05 17:45:00 UTC,ASSAULT,41.874223466,-87.660609583,SIMPLE
2019-12-05 18:05:00 UTC,ASSAULT,41.791220341,-87.688848758,SIMPLE
2019-12-05 18:22:00 UTC,ASSAULT,41.743950485,-87.566116329,SIMPLE
2019-12-05 18:28:00 UTC,ASSAULT,41.808639575,-87.662231531,SIMPLE
2019-12-05 18:54:00 UTC,ASSAULT,41.756057234,-87.654929158,SIMPLE
2019-12-05 19:12:00 UTC,ASSAULT,41.894066784,-87.628531735,SIMPLE
2019-12-05 19:15:00 UTC,ASSAULT,41.746926625,-87.605114972,SIMPLE
2019-12-05 20:09:00 UTC,ASSAULT,41.876541001,-87.629253085,SIMPLE
2019-12-05 20:37:00 UTC,ASSAULT,41.936572103,-87.640707032,SIMPLE
2019-12-05 20:46:00 UTC,ASSAULT,41.673207966,-87.617674109,SIMPLE
2019-12-05 21:45:00 UTC,ASSAULT,41.890051565,-87.62891376,SIMPLE
2019-12-05 22:22:00 UTC,ASSAULT,41.748536319,-87.60146885,SIMPLE
2019-12-05 23:00:00 UTC,ASSAULT,41.847485847,-87.705127012,SIMPLE
2019-12-06 03:22:00 UTC,ASSAULT,41.81600695,-87.601834735,SIMPLE
2019-12-06 08:00:00 UTC,ASSAULT,41.774755319,-87.682165389,SIMPLE
2019-12-06 08:10:00 UTC,ASSAULT,41.86640116,-87.705973505,SIMPLE
2019-12-06 08:30:00 UTC,ASSAULT,41.88465094,-87.75522124,SIMPLE
2019-12-06 09:20:00 UTC,ASSAULT,41.775378785,-87.664107154,SIMPLE
2019-12-06 09:30:00 UTC,ASSAULT,41.916975644,-87.742341751,SIMPLE
2019-12-06 10:00:00 UTC,ASSAULT,41.876384567,-87.62925113,SIMPLE
2019-12-06 10:20:00 UTC,ASSAULT,41.883210775,-87.629906972,SIMPLE
2019-12-06 10:38:00 UTC,ASSAULT,41.736345248,-87.623198545,SIMPLE
2019-12-06 10:50:00 UTC,ASSAULT,41.937794593,-87.723684338,SIMPLE
2019-12-06 11:40:00 UTC,ASSAULT,41.97586893,-87.902593203,SIMPLE
2019-12-06 12:00:00 UTC,ASSAULT,41.868302711,-87.770546219,PRO EMP HANDS NO/MIN INJURY
2019-12-06 12:45:00 UTC,ASSAULT,41.765294699,-87.604757012,PRO EMP HANDS NO/MIN INJURY
2019-12-06 12:50:00 UTC,ASSAULT,41.984032004,-87.700398992,SIMPLE
2019-12-06 12:57:00 UTC,ASSAULT,41.7452607,-87.603796295,SIMPLE
2019-12-06 14:00:00 UTC,ASSAULT,42.016268916,-87.680472844,SIMPLE
2019-12-06 14:00:00 UTC,ASSAULT,41.874381838,-87.641536792,SIMPLE
2019-12-06 14:27:00 UTC,ASSAULT,41.909577258,-87.749867783,SIMPLE
2019-12-06 15:00:00 UTC,ASSAULT,41.911864905,-87.712512617,PRO EMP HANDS NO/MIN INJURY
2019-12-06 15:13:00 UTC,ASSAULT,41.749779724,-87.65008096,SIMPLE
2019-12-06 15:31:00 UTC,ASSAULT,41.991376844,-87.656853941,SIMPLE
2019-12-06 16:00:00 UTC,ASSAULT,41.886688163,-87.65599842,SIMPLE
2019-12-06 16:15:00 UTC,ASSAULT,41.736148121,-87.629070243,SIMPLE
2019-12-06 16:25:00 UTC,ASSAULT,41.764319039,-87.706895637,SIMPLE
2019-12-06 16:30:00 UTC,ASSAULT,41.909407901,-87.763135333,SIMPLE
2019-12-06 17:00:00 UTC,ASSAULT,41.994489811,-87.695877312,SIMPLE
2019-12-06 17:00:00 UTC,ASSAULT,41.877541813,-87.686987079,SIMPLE
2019-12-06 17:35:00 UTC,ASSAULT,41.754592961,-87.741528537,SIMPLE
2019-12-06 18:30:00 UTC,ASSAULT,41.872709056,-87.624187857,SIMPLE
2019-12-06 19:30:00 UTC,ASSAULT,41.824654911,-87.632324055,SIMPLE
2019-12-06 19:30:00 UTC,ASSAULT,41.720371905,-87.569902327,SIMPLE
2019-12-06 19:45:00 UTC,ASSAULT,41.970776543,-87.65971961,SIMPLE
2019-12-06 20:00:00 UTC,ASSAULT,41.886774773,-87.763413758,SIMPLE
2019-12-06 20:00:00 UTC,ASSAULT,41.952014887,-87.646370342,SIMPLE
2019-12-06 21:50:00 UTC,ASSAULT,41.765934421,-87.615266287,SIMPLE
2019-12-06 22:11:00 UTC,ASSAULT,41.902991231,-87.689797763,SIMPLE
2019-12-06 22:50:00 UTC,ASSAULT,41.680832474,-87.645663811,SIMPLE
2019-12-07 01:13:00 UTC,ASSAULT,41.834573033,-87.633279986,SIMPLE
2019-12-07 03:24:00 UTC,ASSAULT,41.976762981,-87.900983721,SIMPLE
2019-12-07 04:00:00 UTC,ASSAULT,41.932514672,-87.698857873,SIMPLE
2019-12-07 04:00:00 UTC,ASSAULT,41.761667678,-87.563654805,SIMPLE
2019-12-07 06:15:00 UTC,ASSAULT,41.896549081,-87.773875836,SIMPLE
2019-12-07 08:00:00 UTC,ASSAULT,41.96593721,-87.727964573,SIMPLE
2019-12-07 09:06:00 UTC,ASSAULT,41.877745403,-87.626074642,SIMPLE
2019-12-07 09:45:00 UTC,ASSAULT,41.928616229,-87.740128615,SIMPLE
2019-12-07 10:15:00 UTC,ASSAULT,41.808634077,-87.645527495,SIMPLE
2019-12-07 11:30:00 UTC,ASSAULT,42.019310088,-87.700178068,SIMPLE
2019-12-07 11:30:00 UTC,ASSAULT,41.870974418,-87.704210493,SIMPLE
2019-12-07 12:30:00 UTC,ASSAULT,41.873704218,-87.704077244,SIMPLE
2019-12-07 13:00:00 UTC,ASSAULT,41.767824956,-87.591891194,SIMPLE
2019-12-07 13:30:00 UTC,ASSAULT,41.942449513,-87.667019999,SIMPLE
2019-12-07 13:45:00 UTC,ASSAULT,41.716656889,-87.535281936,SIMPLE
2019-12-07 14:00:00 UTC,ASSAULT,41.720515598,-87.536497921,SIMPLE
2019-12-07 14:30:00 UTC,ASSAULT,41.836385231,-87.66571041,SIMPLE
2019-12-07 15:30:00 UTC,ASSAULT,41.904583499,-87.630006701,SIMPLE
2019-12-07 15:45:00 UTC,ASSAULT,41.900505589,-87.699285044,PRO EMP HANDS NO/MIN INJURY
2019-12-07 16:10:00 UTC,ASSAULT,41.761336163,-87.65940388,SIMPLE
2019-12-07 16:25:00 UTC,ASSAULT,41.861698338,-87.721386456,SIMPLE
2019-12-07 17:00:00 UTC,ASSAULT,41.860170844,-87.729884596,SIMPLE
2019-12-07 17:20:00 UTC,ASSAULT,41.96437924,-87.6568234,SIMPLE
2019-12-07 18:18:00 UTC,ASSAULT,41.895909413,-87.624276515,AGG PO HANDS NO/MIN INJURY
2019-12-07 18:22:00 UTC,ASSAULT,41.866147972,-87.726784885,SIMPLE
2019-12-07 19:00:00 UTC,ASSAULT,41.972169689,-87.656299683,SIMPLE
2019-12-07 20:00:00 UTC,ASSAULT,41.813223719,-87.672377796,SIMPLE
2019-12-07 20:00:00 UTC,ASSAULT,41.706902188,-87.644507138,SIMPLE
2019-12-07 20:45:00 UTC,ASSAULT,41.97693122,-87.68003996,SIMPLE
2019-12-07 21:00:00 UTC,ASSAULT,41.724204356,-87.655451159,SIMPLE
2019-12-07 21:45:00 UTC,ASSAULT,41.900507705,-87.746666455,SIMPLE
2019-12-07 22:00:00 UTC,ASSAULT,41.772762188,-87.582632792,SIMPLE
2019-12-08 00:00:00 UTC,ASSAULT,41.742232781,-87.560010211,SIMPLE
2019-12-08 00:00:00 UTC,ASSAULT,41.7148226,-87.569444242,SIMPLE
2019-12-08 00:39:00 UTC,ASSAULT,41.954362128,-87.663715888,SIMPLE
2019-12-08 00:56:00 UTC,ASSAULT,41.749607706,-87.555278612,SIMPLE
2019-12-08 01:14:00 UTC,ASSAULT,41.720061006,-87.571023208,SIMPLE
2019-12-08 05:55:00 UTC,ASSAULT,41.931908164,-87.717500134,PRO EMP HANDS NO/MIN INJURY
2019-12-08 07:30:00 UTC,ASSAULT,41.769142611,-87.576380906,SIMPLE
2019-12-08 07:43:00 UTC,ASSAULT,41.709247535,-87.537699169,SIMPLE
2019-12-08 09:20:00 UTC,ASSAULT,41.784278913,-87.683777679,SIMPLE
2019-12-08 09:30:00 UTC,ASSAULT,41.790478663,-87.619117764,SIMPLE
2019-12-08 09:30:00 UTC,ASSAULT,41.774945985,-87.586321063,SIMPLE
2019-12-08 10:00:00 UTC,ASSAULT,41.81983484,-87.613505138,SIMPLE
2019-12-08 10:59:00 UTC,ASSAULT,41.866233446,-87.720656676,SIMPLE
2019-12-08 12:10:00 UTC,ASSAULT,41.897392534,-87.767910724,SIMPLE
2019-12-08 12:30:00 UTC,ASSAULT,41.893408918,-87.765338129,SIMPLE
2019-12-08 12:55:00 UTC,ASSAULT,41.881260685,-87.680269946,SIMPLE
2019-12-08 14:00:00 UTC,ASSAULT,41.765997125,-87.66382344,SIMPLE
2019-12-08 14:00:00 UTC,ASSAULT,41.93666618,-87.715370444,SIMPLE
2019-12-08 15:55:00 UTC,ASSAULT,41.849165111,-87.732263644,SIMPLE
2019-12-08 16:00:00 UTC,ASSAULT,41.91226466,-87.754362255,SIMPLE
2019-12-08 16:31:00 UTC,ASSAULT,41.736269116,-87.627768243,SIMPLE
2019-12-08 17:00:00 UTC,ASSAULT,41.898901763,-87.774053653,SIMPLE
2019-12-08 17:05:00 UTC,ASSAULT,41.772822083,-87.62312994,SIMPLE
2019-12-08 18:00:00 UTC,ASSAULT,41.767768384,-87.632276552,SIMPLE
2019-12-08 18:40:00 UTC,ASSAULT,41.701996623,-87.534079031,SIMPLE
2019-12-08 18:53:00 UTC,ASSAULT,41.878884752,-87.724325375,SIMPLE
2019-12-08 18:59:00 UTC,ASSAULT,41.911084257,-87.667702668,SIMPLE
2019-12-08 19:25:00 UTC,ASSAULT,41.886809001,-87.643565821,SIMPLE
2019-12-08 20:05:00 UTC,ASSAULT,41.80696675,-87.745587657,SIMPLE
2019-12-08 20:21:00 UTC,ASSAULT,41.7505606,-87.649409369,AGG PO HANDS NO/MIN INJURY
2019-12-08 20:30:00 UTC,ASSAULT,41.976290414,-87.905227221,SIMPLE
2019-12-08 21:10:00 UTC,ASSAULT,41.765687332,-87.57136673,SIMPLE
2019-12-08 21:33:00 UTC,ASSAULT,41.694904017,-87.657454206,SIMPLE
2019-12-08 22:05:00 UTC,ASSAULT,41.864960415,-87.692550901,SIMPLE
2019-12-08 23:54:00 UTC,ASSAULT,41.6889089,-87.626638453,SIMPLE
2019-12-09 00:01:00 UTC,ASSAULT,41.911579299,-87.802195314,SIMPLE
2019-12-09 00:23:00 UTC,ASSAULT,41.732599207,-87.585555292,SIMPLE
2019-12-09 01:23:00 UTC,ASSAULT,41.83805499,-87.645458414,SIMPLE
2019-12-09 01:30:00 UTC,ASSAULT,41.901733457,-87.723832804,SIMPLE
2019-12-09 01:30:00 UTC,ASSAULT,41.895702929,-87.690847951,SIMPLE
2019-12-09 02:15:00 UTC,ASSAULT,41.885901992,-87.632455489,PRO EMP HANDS NO/MIN INJURY
2019-12-09 05:30:00 UTC,ASSAULT,41.96538033,-87.659063123,SIMPLE
2019-12-09 08:25:00 UTC,ASSAULT,41.903077492,-87.683673325,SIMPLE
2019-12-09 08:28:00 UTC,ASSAULT,41.969080365,-87.655479287,SIMPLE
2019-12-09 08:50:00 UTC,ASSAULT,41.900507705,-87.746666455,SIMPLE
2019-12-09 09:00:00 UTC,ASSAULT,41.949110446,-87.676192224,SIMPLE
2019-12-09 09:00:00 UTC,ASSAULT,41.851888466,-87.696803334,SIMPLE
2019-12-09 09:40:00 UTC,ASSAULT,41.871336669,-87.625925,SIMPLE
2019-12-09 11:20:00 UTC,ASSAULT,41.745128014,-87.612339475,SIMPLE
2019-12-09 11:30:00 UTC,ASSAULT,41.916043916,-87.721631784,SIMPLE
2019-12-09 12:00:00 UTC,ASSAULT,41.897998916,-87.724937194,SIMPLE
2019-12-09 12:30:00 UTC,ASSAULT,41.774495045,-87.696934918,SIMPLE
2019-12-09 13:00:00 UTC,ASSAULT,41.987362912,-87.702293402,SIMPLE
2019-12-09 13:30:00 UTC,ASSAULT,41.98443411,-87.764092092,SIMPLE
2019-12-09 13:38:00 UTC,ASSAULT,41.677061018,-87.641882376,SIMPLE
2019-12-09 14:10:00 UTC,ASSAULT,41.677800201,-87.64295433,SIMPLE
2019-12-09 14:30:00 UTC,ASSAULT,41.91006788,-87.710568215,SIMPLE
2019-12-09 14:33:00 UTC,ASSAULT,41.833891371,-87.625045842,SIMPLE
2019-12-09 15:00:00 UTC,ASSAULT,41.902085462,-87.641168032,SIMPLE
2019-12-09 15:13:00 UTC,ASSAULT,41.872956403,-87.629152903,SIMPLE
2019-12-09 15:15:00 UTC,ASSAULT,41.823150651,-87.672055581,SIMPLE
2019-12-09 15:35:00 UTC,ASSAULT,41.902437713,-87.687011559,PRO EMP HANDS NO/MIN INJURY
2019-12-09 16:03:00 UTC,ASSAULT,41.979068092,-87.65994484,SIMPLE
2019-12-09 16:35:00 UTC,ASSAULT,41.874129917,-87.743434262,SIMPLE
2019-12-09 16:50:00 UTC,ASSAULT,41.862914501,-87.709737438,PRO EMP HANDS NO/MIN INJURY
2019-12-09 17:20:00 UTC,ASSAULT,41.902940868,-87.695032866,SIMPLE
2019-12-09 17:55:00 UTC,ASSAULT,41.995193055,-87.660426011,SIMPLE
2019-12-09 18:00:00 UTC,ASSAULT,41.704316329,-87.603922424,SIMPLE
2019-12-09 18:40:00 UTC,ASSAULT,41.888887769,-87.761742306,SIMPLE
2019-12-09 18:45:00 UTC,ASSAULT,41.742656445,-87.632018466,SIMPLE
2019-12-09 18:56:00 UTC,ASSAULT,41.858132183,-87.713964985,SIMPLE
2019-12-09 19:00:00 UTC,ASSAULT,41.909876642,-87.727138915,SIMPLE
2019-12-09 19:45:00 UTC,ASSAULT,41.747058366,-87.605117148,SIMPLE
2019-12-09 20:40:00 UTC,ASSAULT,41.768727335,-87.595223944,SIMPLE
2019-12-09 20:45:00 UTC,ASSAULT,41.754115911,-87.55033154,SIMPLE
2019-12-09 20:45:00 UTC,ASSAULT,41.750894076,-87.627857311,SIMPLE
2019-12-09 20:47:00 UTC,ASSAULT,41.888092864,-87.755348129,SIMPLE
2019-12-09 20:50:00 UTC,ASSAULT,41.80066446,-87.587441769,SIMPLE
2019-12-09 22:04:00 UTC,ASSAULT,41.77191266,-87.687590366,SIMPLE
2019-12-09 22:06:00 UTC,ASSAULT,41.830697249,-87.614476891,SIMPLE
2019-12-10 01:20:00 UTC,ASSAULT,41.789624447,-87.6547587,SIMPLE
2019-12-10 03:12:00 UTC,ASSAULT,41.76573639,-87.66381882,SIMPLE
2019-12-10 03:27:00 UTC,ASSAULT,41.882001306,-87.729348734,SIMPLE
2019-12-10 04:55:00 UTC,ASSAULT,41.852583587,-87.695467714,SIMPLE
2019-12-10 08:00:00 UTC,ASSAULT,41.789798502,-87.659619215,SIMPLE
2019-12-10 09:15:00 UTC,ASSAULT,41.864542827,-87.708403653,SIMPLE
2019-12-10 09:50:00 UTC,ASSAULT,41.754554351,-87.597995776,SIMPLE
2019-12-10 10:00:00 UTC,ASSAULT,41.737020022,-87.652154438,SIMPLE
2019-12-10 10:00:00 UTC,ASSAULT,41.67917017,-87.63713025,SIMPLE
2019-12-10 10:34:00 UTC,ASSAULT,41.909161431,-87.784070632,SIMPLE
2019-12-10 10:50:00 UTC,ASSAULT,41.770980744,-87.6834133,SIMPLE
2019-12-10 11:05:00 UTC,ASSAULT,41.758812498,-87.581725168,SIMPLE
2019-12-10 11:05:00 UTC,ASSAULT,41.877427291,-87.696946533,SIMPLE
2019-12-10 11:15:00 UTC,ASSAULT,41.731430954,-87.552669707,SIMPLE
2019-12-10 11:20:00 UTC,ASSAULT,41.885389294,-87.626265771,SIMPLE
2019-12-10 11:30:00 UTC,ASSAULT,41.697199437,-87.62084649,SIMPLE
2019-12-10 12:00:00 UTC,ASSAULT,41.778661058,-87.68227253,SIMPLE
2019-12-10 12:00:00 UTC,ASSAULT,41.773341845,-87.585250879,SIMPLE
2019-12-10 12:00:00 UTC,ASSAULT,41.79054357,-87.780130326,PRO EMP HANDS NO/MIN INJURY
2019-12-10 12:45:00 UTC,ASSAULT,41.784111527,-87.688652292,SIMPLE
2019-12-10 13:09:00 UTC,ASSAULT,41.75097171,-87.682871235,SIMPLE
2019-12-10 13:15:00 UTC,ASSAULT,41.897524786,-87.704673571,PRO EMP HANDS NO/MIN INJURY
2019-12-10 14:00:00 UTC,ASSAULT,41.882553868,-87.624383802,SIMPLE
2019-12-10 14:30:00 UTC,ASSAULT,41.880586939,-87.706110174,SIMPLE
2019-12-10 14:30:00 UTC,ASSAULT,41.800926763,-87.61613372,SIMPLE
2019-12-10 15:26:00 UTC,ASSAULT,41.809603298,-87.600345002,PRO EMP HANDS NO/MIN INJURY
2019-12-10 15:30:00 UTC,ASSAULT,41.68094392,-87.537099797,SIMPLE
2019-12-10 16:15:00 UTC,ASSAULT,41.867414944,-87.627231186,SIMPLE
2019-12-10 16:36:00 UTC,ASSAULT,41.73585412,-87.658739723,SIMPLE
2019-12-10 17:05:00 UTC,ASSAULT,41.78131246,-87.605950633,SIMPLE
2019-12-10 17:09:00 UTC,ASSAULT,41.772163393,-87.608183909,SIMPLE
2019-12-10 17:30:00 UTC,ASSAULT,41.729618252,-87.551244573,SIMPLE
2019-12-10 17:50:00 UTC,ASSAULT,41.871976801,-87.727831271,SIMPLE
2019-12-10 18:00:00 UTC,ASSAULT,41.984109031,-87.660855375,SIMPLE
2019-12-10 18:35:00 UTC,ASSAULT,41.779073436,-87.615600014,SIMPLE
2019-12-10 19:15:00 UTC,ASSAULT,41.777161181,-87.662926435,SIMPLE
2019-12-10 19:40:00 UTC,ASSAULT,41.967194227,-87.727996798,SIMPLE
2019-12-10 20:25:00 UTC,ASSAULT,41.751164599,-87.612198632,SIMPLE
2019-12-10 21:55:00 UTC,ASSAULT,41.861359279,-87.694400341,SIMPLE
2019-12-10 22:00:00 UTC,ASSAULT,41.998000433,-87.812429284,SIMPLE
2019-12-10 22:30:00 UTC,ASSAULT,41.893379029,-87.621582923,SIMPLE
2019-12-11 04:42:00 UTC,ASSAULT,41.909085101,-87.715585095,SIMPLE
2019-12-11 05:30:00 UTC,ASSAULT,41.902692133,-87.774171185,SIMPLE
2019-12-11 08:15:00 UTC,ASSAULT,41.653753766,-87.59989722,PRO EMP HANDS NO/MIN INJURY
2019-12-11 09:30:00 UTC,ASSAULT,41.813881816,-87.626205428,SIMPLE
2019-12-11 10:15:00 UTC,ASSAULT,41.920953941,-87.716102632,SIMPLE
2019-12-11 10:15:00 UTC,ASSAULT,41.874112944,-87.670865933,SIMPLE
2019-12-11 10:15:00 UTC,ASSAULT,41.691014016,-87.667578189,SIMPLE
2019-12-11 10:17:00 UTC,ASSAULT,41.777740745,-87.631760999,SIMPLE
2019-12-11 10:17:00 UTC,ASSAULT,41.897986324,-87.763677722,SIMPLE
2019-12-11 10:50:00 UTC,ASSAULT,41.899065363,-87.667375699,PRO EMP HANDS NO/MIN INJURY
2019-12-11 10:52:00 UTC,ASSAULT,41.895273434,-87.629741563,SIMPLE
2019-12-11 11:15:00 UTC,ASSAULT,41.88946287,-87.624222942,SIMPLE
2019-12-11 12:00:00 UTC,ASSAULT,42.020809541,-87.670721771,SIMPLE
2019-12-11 12:11:00 UTC,ASSAULT,41.780415657,-87.605608794,SIMPLE
2019-12-11 12:13:00 UTC,ASSAULT,41.879307235,-87.760568178,SIMPLE
2019-12-11 12:28:00 UTC,ASSAULT,41.745804592,-87.604310486,SIMPLE
2019-12-11 13:00:00 UTC,ASSAULT,41.949555731,-87.648609742,SIMPLE
2019-12-11 13:00:00 UTC,ASSAULT,41.783284821,-87.590814803,SIMPLE
2019-12-11 13:46:00 UTC,ASSAULT,41.779310448,-87.674394341,SIMPLE
2019-12-11 13:47:00 UTC,ASSAULT,41.779310448,-87.674394341,SIMPLE
2019-12-11 14:40:00 UTC,ASSAULT,41.922072515,-87.685520019,PRO EMP HANDS NO/MIN INJURY
2019-12-11 14:55:00 UTC,ASSAULT,41.894516915,-87.726057426,AGG PO HANDS NO/MIN INJURY
2019-12-11 15:30:00 UTC,ASSAULT,41.670279026,-87.622420806,SIMPLE
2019-12-11 15:45:00 UTC,ASSAULT,41.879955866,-87.680040875,SIMPLE
2019-12-11 16:00:00 UTC,ASSAULT,41.807598813,-87.675876152,SIMPLE
2019-12-11 16:27:00 UTC,ASSAULT,41.895788834,-87.762150919,SIMPLE
2019-12-11 16:38:00 UTC,ASSAULT,41.753561435,-87.551925162,SIMPLE
2019-12-11 16:40:00 UTC,ASSAULT,41.741425843,-87.621123609,SIMPLE
2019-12-11 16:44:00 UTC,ASSAULT,41.964271617,-87.84172614,SIMPLE
2019-12-11 16:45:00 UTC,ASSAULT,41.796790197,-87.664658251,SIMPLE
2019-12-11 16:56:00 UTC,ASSAULT,41.861678756,-87.642000459,SIMPLE
2019-12-11 17:30:00 UTC,ASSAULT,41.756430631,-87.561470724,SIMPLE
2019-12-11 17:38:00 UTC,ASSAULT,41.765557778,-87.605564121,SIMPLE
2019-12-11 18:02:00 UTC,ASSAULT,41.88171846,-87.627760426,SIMPLE
2019-12-11 18:10:00 UTC,ASSAULT,41.76680404,-87.605619683,SIMPLE
2019-12-11 18:30:00 UTC,ASSAULT,41.884521087,-87.622099893,SIMPLE
2019-12-11 18:30:00 UTC,ASSAULT,41.975606477,-87.651839165,SIMPLE
2019-12-11 19:00:00 UTC,ASSAULT,41.993047583,-87.694615236,SIMPLE
2019-12-11 19:11:00 UTC,ASSAULT,41.864690444,-87.652313476,SIMPLE
2019-12-11 19:15:00 UTC,ASSAULT,41.735376529,-87.604791146,SIMPLE
2019-12-11 19:45:00 UTC,ASSAULT,41.763736434,-87.579314492,SIMPLE
2019-12-11 19:55:00 UTC,ASSAULT,41.753451557,-87.665947517,SIMPLE
2019-12-11 20:00:00 UTC,ASSAULT,41.805126734,-87.608894322,SIMPLE
2019-12-11 21:00:00 UTC,ASSAULT,41.779295906,-87.644774188,SIMPLE
2019-12-11 21:30:00 UTC,ASSAULT,41.756430631,-87.561470724,SIMPLE
2019-12-11 23:21:00 UTC,ASSAULT,41.920449429,-87.649802865,SIMPLE
2019-12-11 23:30:00 UTC,ASSAULT,41.715013468,-87.661968417,SIMPLE
2019-12-11 23:31:00 UTC,ASSAULT,41.978991238,-87.659941972,SIMPLE
2019-12-11 23:56:00 UTC,ASSAULT,41.909167122,-87.677428649,SIMPLE
2019-12-12 00:57:00 UTC,ASSAULT,41.776587626,-87.673831958,SIMPLE
2019-12-12 01:59:00 UTC,ASSAULT,41.8006223,-87.648998325,SIMPLE
2019-12-12 02:00:00 UTC,ASSAULT,41.73393236,-87.603389597,SIMPLE
2019-12-12 02:00:00 UTC,ASSAULT,41.752326251,-87.61980107,SIMPLE
2019-12-12 06:49:00 UTC,ASSAULT,41.924522422,-87.668121549,SIMPLE
2019-12-12 07:20:00 UTC,ASSAULT,41.735187757,-87.636294797,SIMPLE
2019-12-12 08:00:00 UTC,ASSAULT,41.813223719,-87.672377796,SIMPLE
2019-12-12 09:56:00 UTC,ASSAULT,41.895940726,-87.74709392,SIMPLE
2019-12-12 10:20:00 UTC,ASSAULT,41.910273396,-87.634683466,SIMPLE
2019-12-12 11:35:00 UTC,ASSAULT,41.878370307,-87.707248137,SIMPLE
2019-12-12 11:38:00 UTC,ASSAULT,41.977017622,-87.692447486,SIMPLE
2019-12-12 12:08:00 UTC,ASSAULT,41.980639456,-87.65510293,SIMPLE
2019-12-12 13:25:00 UTC,ASSAULT,41.894993403,-87.622148996,SIMPLE
2019-12-12 13:35:00 UTC,ASSAULT,41.954698652,-87.747338823,SIMPLE
2019-12-12 13:40:00 UTC,ASSAULT,42.009504574,-87.69069751,SIMPLE
2019-12-12 13:56:00 UTC,ASSAULT,41.89031518,-87.619607985,SIMPLE
2019-12-12 14:00:00 UTC,ASSAULT,41.868699038,-87.625858624,SIMPLE
2019-12-12 14:14:00 UTC,ASSAULT,41.846801978,-87.623527134,SIMPLE
2019-12-12 14:30:00 UTC,ASSAULT,41.873219626,-87.675868666,SIMPLE
2019-12-12 14:55:00 UTC,ASSAULT,41.935076903,-87.697707853,SIMPLE
2019-12-12 15:30:00 UTC,ASSAULT,41.774330666,-87.708484611,SIMPLE
2019-12-12 16:02:00 UTC,ASSAULT,41.99456734,-87.659016317,AGG PO HANDS NO/MIN INJURY
2019-12-12 16:25:00 UTC,ASSAULT,41.792721523,-87.763085223,SIMPLE
2019-12-12 16:27:00 UTC,ASSAULT,41.65364899,-87.614590067,SIMPLE
2019-12-12 16:32:00 UTC,ASSAULT,41.931862762,-87.780855009,SIMPLE
2019-12-12 18:00:00 UTC,ASSAULT,41.909803204,-87.732484986,SIMPLE
2019-12-12 18:40:00 UTC,ASSAULT,41.7799566,-87.605921959,SIMPLE
2019-12-12 19:00:00 UTC,ASSAULT,41.776965438,-87.756819958,SIMPLE
2019-12-12 19:05:00 UTC,ASSAULT,41.883527057,-87.630917053,SIMPLE
2019-12-12 19:15:00 UTC,ASSAULT,41.770585259,-87.608157693,SIMPLE
2019-12-12 19:35:00 UTC,ASSAULT,41.947101845,-87.661990665,SIMPLE
2019-12-12 19:36:00 UTC,ASSAULT,41.947101845,-87.661990665,SIMPLE
2019-12-12 20:29:00 UTC,ASSAULT,41.885721129,-87.747088202,SIMPLE
2019-12-12 20:37:00 UTC,ASSAULT,41.85121009,-87.679606711,SIMPLE
2019-12-12 20:40:00 UTC,ASSAULT,41.736527033,-87.545818809,SIMPLE
2019-12-12 20:46:00 UTC,ASSAULT,41.779761966,-87.675126657,SIMPLE
2019-12-12 21:05:00 UTC,ASSAULT,41.937454901,-87.695504738,SIMPLE
2019-12-12 22:30:00 UTC,ASSAULT,41.968090348,-87.741976174,SIMPLE
2019-12-12 22:34:00 UTC,ASSAULT,41.968275606,-87.724912458,SIMPLE
2019-12-12 22:40:00 UTC,ASSAULT,41.743386333,-87.698554017,SIMPLE
2019-12-12 22:43:00 UTC,ASSAULT,41.922554797,-87.778105923,PRO EMP HANDS NO/MIN INJURY
2019-12-12 23:30:00 UTC,ASSAULT,41.905560871,-87.707864201,SIMPLE
2019-12-13 00:09:00 UTC,ASSAULT,41.804250629,-87.72051766,SIMPLE
2019-12-13 02:13:00 UTC,ASSAULT,41.922750548,-87.644994062,SIMPLE
2019-12-13 02:30:00 UTC,ASSAULT,41.779274948,-87.676821816,SIMPLE
2019-12-13 02:35:00 UTC,ASSAULT,41.778099133,-87.633828531,SIMPLE
2019-12-13 05:00:00 UTC,ASSAULT,41.80634348,-87.613861583,SIMPLE
2019-12-13 06:07:00 UTC,ASSAULT,41.845345061,-87.620471366,SIMPLE
2019-12-13 07:40:00 UTC,ASSAULT,41.954035844,-87.796424031,SIMPLE
2019-12-13 08:16:00 UTC,ASSAULT,41.91627671,-87.731410198,SIMPLE
2019-12-13 08:30:00 UTC,ASSAULT,41.739860331,-87.601274245,SIMPLE
2019-12-13 09:00:00 UTC,ASSAULT,41.862409706,-87.732939912,SIMPLE
2019-12-13 09:28:00 UTC,ASSAULT,41.882254819,-87.763931315,SIMPLE
2019-12-13 10:10:00 UTC,ASSAULT,41.883322403,-87.729038837,SIMPLE
2019-12-13 10:30:00 UTC,ASSAULT,41.899044818,-87.723450648,SIMPLE
2019-12-13 10:30:00 UTC,ASSAULT,41.780778329,-87.660608248,SIMPLE
2019-12-13 10:30:00 UTC,ASSAULT,41.885490312,-87.6576306,SIMPLE
2019-12-13 10:50:00 UTC,ASSAULT,41.8405527,-87.704919592,SIMPLE
2019-12-13 10:58:00 UTC,ASSAULT,41.753934124,-87.624631906,SIMPLE
2019-12-13 11:00:00 UTC,ASSAULT,41.925378803,-87.668153074,SIMPLE
2019-12-13 12:00:00 UTC,ASSAULT,41.831074684,-87.619994938,SIMPLE
2019-12-13 12:00:00 UTC,ASSAULT,41.68995741,-87.637460623,PRO EMP HANDS NO/MIN INJURY
2019-12-13 12:20:00 UTC,ASSAULT,41.743553697,-87.609865368,PRO EMP HANDS NO/MIN INJURY
2019-12-13 12:30:00 UTC,ASSAULT,41.802641458,-87.662382149,PRO EMP HANDS NO/MIN INJURY
2019-12-13 12:49:00 UTC,ASSAULT,41.819179575,-87.627757664,SIMPLE
2019-12-13 13:30:00 UTC,ASSAULT,41.860149538,-87.694485803,SIMPLE
2019-12-13 14:45:00 UTC,ASSAULT,41.793195202,-87.687688498,SIMPLE
2019-12-13 15:38:00 UTC,ASSAULT,41.775304914,-87.648314341,SIMPLE
2019-12-13 15:45:00 UTC,ASSAULT,41.761218589,-87.576191815,SIMPLE
2019-12-13 16:00:00 UTC,ASSAULT,41.868998803,-87.684525154,SIMPLE
2019-12-13 16:00:00 UTC,ASSAULT,41.703776493,-87.563243354,SIMPLE
2019-12-13 16:06:00 UTC,ASSAULT,41.778665283,-87.662965763,SIMPLE
2019-12-13 16:30:00 UTC,ASSAULT,41.862409706,-87.732939912,SIMPLE
2019-12-13 16:51:00 UTC,ASSAULT,41.881858277,-87.724091496,SIMPLE
2019-12-13 17:00:00 UTC,ASSAULT,41.707064118,-87.631358027,SIMPLE
2019-12-13 18:16:00 UTC,ASSAULT,41.808187634,-87.683866331,SIMPLE
2019-12-13 18:20:00 UTC,ASSAULT,41.890703831,-87.70640419,SIMPLE
2019-12-13 19:15:00 UTC,ASSAULT,41.863463449,-87.652260416,SIMPLE
2019-12-13 19:30:00 UTC,ASSAULT,41.887655627,-87.619545777,SIMPLE
2019-12-13 19:56:00 UTC,ASSAULT,41.761135248,-87.630900966,SIMPLE
2019-12-13 20:00:00 UTC,ASSAULT,41.753676598,-87.556361916,SIMPLE
2019-12-13 20:20:00 UTC,ASSAULT,41.992805849,-87.697041827,SIMPLE
2019-12-13 21:20:00 UTC,ASSAULT,41.890384236,-87.624109917,SIMPLE
2019-12-13 23:00:00 UTC,ASSAULT,41.76236639,-87.666177698,SIMPLE
2019-12-13 23:30:00 UTC,ASSAULT,41.949649326,-87.64407246,SIMPLE
2019-12-14 00:15:00 UTC,ASSAULT,41.762419957,-87.683180808,SIMPLE
2019-12-14 03:34:00 UTC,ASSAULT,41.886893085,-87.745509336,SIMPLE
2019-12-14 05:22:00 UTC,ASSAULT,41.95112995,-87.717737905,SIMPLE
2019-12-14 07:50:00 UTC,ASSAULT,41.779013043,-87.615597022,SIMPLE
2019-12-14 08:50:00 UTC,ASSAULT,41.751270583,-87.605938082,SIMPLE
2019-12-14 09:55:00 UTC,ASSAULT,41.931404684,-87.708626091,SIMPLE
2019-12-14 10:00:00 UTC,ASSAULT,41.85102174,-87.618954852,SIMPLE
2019-12-14 10:53:00 UTC,ASSAULT,41.935540811,-87.643074038,SIMPLE
2019-12-14 11:00:00 UTC,ASSAULT,41.704245124,-87.610024222,SIMPLE
2019-12-14 13:00:00 UTC,ASSAULT,41.942449513,-87.667019999,SIMPLE
2019-12-14 13:10:00 UTC,ASSAULT,41.687042705,-87.669431373,SIMPLE
2019-12-14 13:45:00 UTC,ASSAULT,41.942449513,-87.667019999,SIMPLE
2019-12-14 16:34:00 UTC,ASSAULT,41.877618019,-87.680567743,SIMPLE
2019-12-14 17:08:00 UTC,ASSAULT,41.806183603,-87.67219708,SIMPLE
2019-12-14 17:18:00 UTC,ASSAULT,41.832071291,-87.616978684,SIMPLE
2019-12-14 18:14:00 UTC,ASSAULT,41.742403276,-87.584085786,SIMPLE
2019-12-14 19:20:00 UTC,ASSAULT,41.698251726,-87.672966842,SIMPLE
2019-12-14 19:32:00 UTC,ASSAULT,41.766180812,-87.582126694,SIMPLE
2019-12-14 19:56:00 UTC,ASSAULT,41.758119455,-87.590782437,SIMPLE
2019-12-14 20:10:00 UTC,ASSAULT,41.880487595,-87.745964635,SIMPLE
2019-12-14 22:00:00 UTC,ASSAULT,41.896664035,-87.629175344,SIMPLE
2019-12-14 23:00:00 UTC,ASSAULT,41.710692231,-87.5988841,SIMPLE
2019-12-14 23:30:00 UTC,ASSAULT,41.802045608,-87.682839072,AGG PO HANDS NO/MIN INJURY
2019-12-14 23:34:00 UTC,ASSAULT,41.910624936,-87.667997673,SIMPLE
2019-12-14 23:38:00 UTC,ASSAULT,41.800863342,-87.664766276,SIMPLE
2019-12-15 00:15:00 UTC,ASSAULT,41.905836513,-87.759052712,SIMPLE
2019-12-15 00:30:00 UTC,ASSAULT,41.770079376,-87.628288655,SIMPLE
2019-12-15 00:30:00 UTC,ASSAULT,42.016035274,-87.668927703,SIMPLE
2019-12-15 00:50:00 UTC,ASSAULT,41.749453113,-87.67069066,SIMPLE
2019-12-15 01:00:00 UTC,ASSAULT,41.90556019,-87.707739307,SIMPLE
2019-12-15 01:15:00 UTC,ASSAULT,41.747393001,-87.585438607,SIMPLE
2019-12-15 02:42:00 UTC,ASSAULT,41.752266466,-87.601569405,SIMPLE
2019-12-15 03:00:00 UTC,ASSAULT,41.903931469,-87.629290187,SIMPLE
2019-12-15 03:53:00 UTC,ASSAULT,41.9423356,-87.758122498,SIMPLE
2019-12-15 07:38:00 UTC,ASSAULT,41.750411667,-87.629295485,SIMPLE
2019-12-15 08:02:00 UTC,ASSAULT,41.922006818,-87.697330509,SIMPLE
2019-12-15 08:27:00 UTC,ASSAULT,41.768533683,-87.61533261,SIMPLE
2019-12-15 09:00:00 UTC,ASSAULT,41.896664035,-87.629175344,SIMPLE
2019-12-15 09:35:00 UTC,ASSAULT,41.68064434,-87.654177002,SIMPLE
2019-12-15 10:40:00 UTC,ASSAULT,41.819639491,-87.643384653,SIMPLE
2019-12-15 11:30:00 UTC,ASSAULT,41.778513418,-87.69459276,SIMPLE
2019-12-15 12:00:00 UTC,ASSAULT,41.73875606,-87.584080551,SIMPLE
2019-12-15 12:00:00 UTC,ASSAULT,41.669692141,-87.63682977,SIMPLE
2019-12-15 13:30:00 UTC,ASSAULT,41.777522654,-87.615558647,SIMPLE
2019-12-15 13:40:00 UTC,ASSAULT,41.843729518,-87.706235401,SIMPLE
2019-12-15 15:15:00 UTC,ASSAULT,41.781414696,-87.604328907,SIMPLE
2019-12-15 16:00:00 UTC,ASSAULT,41.933223892,-87.645226923,SIMPLE
2019-12-15 16:15:00 UTC,ASSAULT,41.779787684,-87.614400484,SIMPLE
2019-12-15 16:45:00 UTC,ASSAULT,41.897601664,-87.622792233,SIMPLE
2019-12-15 18:44:00 UTC,ASSAULT,41.821376572,-87.616929138,SIMPLE
2019-12-15 19:02:00 UTC,ASSAULT,41.654170587,-87.617255502,SIMPLE
2019-12-15 19:05:00 UTC,ASSAULT,41.833735126,-87.675370229,SIMPLE
2019-12-15 19:15:00 UTC,ASSAULT,41.860134288,-87.732333465,SIMPLE
2019-12-15 19:55:00 UTC,ASSAULT,41.810406385,-87.643157281,SIMPLE
2019-12-15 21:50:00 UTC,ASSAULT,41.762164687,-87.695411025,SIMPLE
2019-12-15 22:00:00 UTC,ASSAULT,41.744300592,-87.643858375,SIMPLE
2019-12-15 22:11:00 UTC,ASSAULT,41.723835777,-87.630193771,SIMPLE
2019-12-15 23:00:00 UTC,ASSAULT,41.779310196,-87.674350347,SIMPLE
2019-12-16 01:30:00 UTC,ASSAULT,41.972944196,-87.728159323,SIMPLE
2019-12-16 05:33:00 UTC,ASSAULT,41.881913657,-87.73673068,SIMPLE
2019-12-16 07:05:00 UTC,ASSAULT,41.886015621,-87.722505905,SIMPLE
2019-12-16 07:15:00 UTC,ASSAULT,41.891107481,-87.763874736,SIMPLE
2019-12-16 08:00:00 UTC,ASSAULT,41.919497136,-87.729072439,SIMPLE
2019-12-16 09:25:00 UTC,ASSAULT,41.869491903,-87.710642788,SIMPLE
2019-12-16 09:28:00 UTC,ASSAULT,41.778099133,-87.633828531,SIMPLE
2019-12-16 09:45:00 UTC,ASSAULT,41.745625144,-87.558848194,SIMPLE
2019-12-16 10:00:00 UTC,ASSAULT,41.778098999,-87.633806535,SIMPLE
2019-12-16 10:20:00 UTC,ASSAULT,41.899930418,-87.628849274,SIMPLE
2019-12-16 10:30:00 UTC,ASSAULT,41.866252612,-87.719107203,SIMPLE
2019-12-16 10:45:00 UTC,ASSAULT,41.77883536,-87.650835851,SIMPLE
2019-12-16 11:00:00 UTC,ASSAULT,41.852568439,-87.726087331,SIMPLE
2019-12-16 12:17:00 UTC,ASSAULT,41.902365801,-87.716854733,SIMPLE
2019-12-16 13:00:00 UTC,ASSAULT,41.833243239,-87.61700231,SIMPLE
2019-12-16 13:34:00 UTC,ASSAULT,41.766092511,-87.574536322,PRO EMP HANDS NO/MIN INJURY
2019-12-16 14:28:00 UTC,ASSAULT,41.80214468,-87.612976978,PRO EMP HANDS NO/MIN INJURY
2019-12-16 14:58:00 UTC,ASSAULT,41.885369466,-87.63243193,SIMPLE
2019-12-16 14:58:00 UTC,ASSAULT,41.871358726,-87.65227207,SIMPLE
2019-12-16 15:10:00 UTC,ASSAULT,41.859826458,-87.721330884,SIMPLE
2019-12-16 15:30:00 UTC,ASSAULT,41.801123936,-87.717261299,SIMPLE
2019-12-16 15:43:00 UTC,ASSAULT,41.902747837,-87.717475535,SIMPLE
2019-12-16 15:45:00 UTC,ASSAULT,41.765206312,-87.611623542,SIMPLE
2019-12-16 16:25:00 UTC,ASSAULT,41.890083865,-87.76831674,SIMPLE
2019-12-16 17:49:00 UTC,ASSAULT,41.931197156,-87.64177949,SIMPLE
2019-12-16 17:58:00 UTC,ASSAULT,41.866125708,-87.657893289,SIMPLE
2019-12-16 18:15:00 UTC,ASSAULT,41.844046137,-87.642784856,SIMPLE
2019-12-16 18:59:00 UTC,ASSAULT,41.761324418,-87.557908051,SIMPLE
2019-12-16 19:25:00 UTC,ASSAULT,41.726219145,-87.567294437,SIMPLE
2019-12-16 20:49:00 UTC,ASSAULT,41.844143697,-87.732376706,SIMPLE
2019-12-16 20:56:00 UTC,ASSAULT,41.751045556,-87.56258335,SIMPLE
2019-12-16 21:00:00 UTC,ASSAULT,41.750411667,-87.629295485,SIMPLE
2019-12-16 22:10:00 UTC,ASSAULT,41.892215608,-87.751718973,SIMPLE
2019-12-17 00:07:00 UTC,ASSAULT,41.87781708,-87.738960948,SIMPLE
2019-12-17 00:54:00 UTC,ASSAULT,41.910962486,-87.662340099,SIMPLE
2019-12-17 05:45:00 UTC,ASSAULT,41.776872322,-87.684794635,SIMPLE
2019-12-17 06:00:00 UTC,ASSAULT,41.760404868,-87.673418574,SIMPLE
2019-12-17 06:01:00 UTC,ASSAULT,41.794172544,-87.70357593,SIMPLE
2019-12-17 07:13:00 UTC,ASSAULT,41.892372023,-87.72109743,SIMPLE
2019-12-17 07:15:00 UTC,ASSAULT,41.695539178,-87.660937033,SIMPLE
2019-12-17 07:16:00 UTC,ASSAULT,41.822399386,-87.609796622,SIMPLE
2019-12-17 07:50:00 UTC,ASSAULT,41.87533339,-87.629229622,SIMPLE
2019-12-17 08:50:00 UTC,ASSAULT,41.907736497,-87.663960909,SIMPLE
2019-12-17 09:51:00 UTC,ASSAULT,41.892264203,-87.746168941,SIMPLE
2019-12-17 11:00:00 UTC,ASSAULT,41.769399886,-87.690705813,SIMPLE
2019-12-17 11:40:00 UTC,ASSAULT,41.861510667,-87.72015845,SIMPLE
2019-12-17 12:00:00 UTC,ASSAULT,41.877470199,-87.678222877,SIMPLE
2019-12-17 12:30:00 UTC,ASSAULT,41.989416046,-87.793894046,SIMPLE
2019-12-17 12:30:00 UTC,ASSAULT,41.764995286,-87.658166965,PRO EMP HANDS NO/MIN INJURY
2019-12-17 15:12:00 UTC,ASSAULT,41.938581442,-87.765830579,SIMPLE
2019-12-17 15:15:00 UTC,ASSAULT,41.973167821,-87.713495268,SIMPLE
2019-12-17 15:16:00 UTC,ASSAULT,41.742688122,-87.658386049,SIMPLE
2019-12-17 15:30:00 UTC,ASSAULT,41.811443713,-87.598471599,SIMPLE
2019-12-17 15:30:00 UTC,ASSAULT,41.749502069,-87.600999801,SIMPLE
2019-12-17 16:09:00 UTC,ASSAULT,41.904320013,-87.634494906,SIMPLE
2019-12-17 16:10:00 UTC,ASSAULT,41.847589828,-87.713659288,SIMPLE
2019-12-17 16:30:00 UTC,ASSAULT,41.721895856,-87.613841024,SIMPLE
2019-12-17 16:34:00 UTC,ASSAULT,41.81791667,-87.62144331,SIMPLE
2019-12-17 17:00:00 UTC,ASSAULT,41.758659689,-87.683079488,SIMPLE
2019-12-17 18:30:00 UTC,ASSAULT,41.953305818,-87.66140353,SIMPLE
2019-12-17 18:36:00 UTC,ASSAULT,41.868199587,-87.628536914,SIMPLE
2019-12-17 20:24:00 UTC,ASSAULT,41.731497731,-87.658074565,SIMPLE
2019-12-17 21:45:00 UTC,ASSAULT,41.770357852,-87.621822764,SIMPLE
2019-12-17 22:15:00 UTC,ASSAULT,41.903868832,-87.633408812,SIMPLE
2019-12-17 22:30:00 UTC,ASSAULT,41.780946398,-87.621995369,SIMPLE
2019-12-18 00:30:00 UTC,ASSAULT,41.958016264,-87.717940022,SIMPLE
2019-12-18 01:10:00 UTC,ASSAULT,41.890863518,-87.72228343,SIMPLE
2019-12-18 03:15:00 UTC,ASSAULT,41.934191031,-87.75272699,SIMPLE
2019-12-18 03:37:00 UTC,ASSAULT,41.769723021,-87.680845279,AGG PO HANDS NO/MIN INJURY
2019-12-18 08:08:00 UTC,ASSAULT,41.908430535,-87.638509526,SIMPLE
2019-12-18 09:20:00 UTC,ASSAULT,41.890019124,-87.765206563,SIMPLE
2019-12-18 12:43:00 UTC,ASSAULT,41.90311481,-87.766905152,SIMPLE
2019-12-18 13:30:00 UTC,ASSAULT,41.989243623,-87.665119726,SIMPLE
2019-12-18 14:08:00 UTC,ASSAULT,42.0164882,-87.683329906,AGG PO HANDS NO/MIN INJURY
2019-12-18 15:00:00 UTC,ASSAULT,41.870477912,-87.774275789,SIMPLE
2019-12-18 15:10:00 UTC,ASSAULT,41.969209738,-87.679199562,SIMPLE
2019-12-18 15:20:00 UTC,ASSAULT,41.82492435,-87.704467067,SIMPLE
2019-12-18 15:37:00 UTC,ASSAULT,41.926886793,-87.755078938,SIMPLE
2019-12-18 15:45:00 UTC,ASSAULT,41.654129358,-87.605015866,SIMPLE
2019-12-18 17:41:00 UTC,ASSAULT,41.79911377,-87.584041683,SIMPLE
2019-12-18 17:55:00 UTC,ASSAULT,41.893469034,-87.632648229,PRO EMP HANDS NO/MIN INJURY
2019-12-18 18:53:00 UTC,ASSAULT,41.914417347,-87.761172885,SIMPLE
2019-12-18 19:00:00 UTC,ASSAULT,41.998542637,-87.685035629,SIMPLE
2019-12-18 20:50:00 UTC,ASSAULT,41.94233908,-87.757721819,SIMPLE
2019-12-18 22:31:00 UTC,ASSAULT,41.711993714,-87.610241347,SIMPLE
2019-12-19 00:00:00 UTC,ASSAULT,41.984605671,-87.656642414,SIMPLE
2019-12-19 00:45:00 UTC,ASSAULT,41.762903213,-87.634605726,SIMPLE
2019-12-19 06:00:00 UTC,ASSAULT,41.752190503,-87.662405734,SIMPLE
2019-12-19 06:46:00 UTC,ASSAULT,41.708029389,-87.569290282,AGG PO HANDS NO/MIN INJURY
2019-12-19 08:10:00 UTC,ASSAULT,42.009107852,-87.666843608,SIMPLE
2019-12-19 09:44:00 UTC,ASSAULT,41.980812049,-87.692795614,SIMPLE
2019-12-19 10:10:00 UTC,ASSAULT,41.877427291,-87.696946533,SIMPLE
2019-12-19 10:14:00 UTC,ASSAULT,41.897819723,-87.765501067,PRO EMP HANDS NO/MIN INJURY
2019-12-19 11:40:00 UTC,ASSAULT,41.88448152,-87.629933429,SIMPLE
2019-12-19 12:00:00 UTC,ASSAULT,41.782614469,-87.660644053,SIMPLE
2019-12-19 12:07:00 UTC,ASSAULT,41.751717281,-87.567002336,SIMPLE
2019-12-19 12:50:00 UTC,ASSAULT,41.77909445,-87.69494996,SIMPLE
2019-12-19 13:08:00 UTC,ASSAULT,41.73921783,-87.64289414,SIMPLE
2019-12-19 13:48:00 UTC,ASSAULT,41.880352091,-87.756589295,SIMPLE
2019-12-19 14:00:00 UTC,ASSAULT,41.853828887,-87.620685495,SIMPLE
2019-12-19 14:00:00 UTC,ASSAULT,41.88748011,-87.709568367,SIMPLE
2019-12-19 14:07:00 UTC,ASSAULT,41.733377802,-87.664209923,SIMPLE
2019-12-19 14:08:00 UTC,ASSAULT,41.894898559,-87.759720016,SIMPLE
2019-12-19 14:45:00 UTC,ASSAULT,41.809432891,-87.613320823,SIMPLE
2019-12-19 14:50:00 UTC,ASSAULT,41.807639794,-87.673451218,SIMPLE
2019-12-19 15:20:00 UTC,ASSAULT,42.015044609,-87.663260015,SIMPLE
2019-12-19 17:15:00 UTC,ASSAULT,41.77587085,-87.609476619,SIMPLE
2019-12-19 17:30:00 UTC,ASSAULT,41.957421993,-87.653455761,SIMPLE
2019-12-19 17:35:00 UTC,ASSAULT,41.747502419,-87.674118727,SIMPLE
2019-12-19 17:35:00 UTC,ASSAULT,41.916346321,-87.686672835,SIMPLE
2019-12-19 17:40:00 UTC,ASSAULT,42.005076826,-87.699829872,SIMPLE
2019-12-19 18:00:00 UTC,ASSAULT,41.967916932,-87.699201676,SIMPLE
2019-12-19 18:00:00 UTC,ASSAULT,41.912025084,-87.761866579,SIMPLE
2019-12-19 18:43:00 UTC,ASSAULT,41.968444942,-87.708918859,SIMPLE
2019-12-19 18:45:00 UTC,ASSAULT,41.691818181,-87.678096311,SIMPLE
2019-12-19 19:00:00 UTC,ASSAULT,41.77171246,-87.654294989,SIMPLE
2019-12-19 19:00:00 UTC,ASSAULT,41.752190503,-87.662405734,SIMPLE
2019-12-19 19:01:00 UTC,ASSAULT,41.897982937,-87.624095634,SIMPLE
2019-12-19 19:50:00 UTC,ASSAULT,41.903838027,-87.635561788,SIMPLE
2019-12-19 19:53:00 UTC,ASSAULT,41.92436448,-87.648721158,SIMPLE
2019-12-19 20:39:00 UTC,ASSAULT,41.794458926,-87.701754195,SIMPLE
2019-12-19 20:50:00 UTC,ASSAULT,41.886790905,-87.648336557,SIMPLE
2019-12-19 21:00:00 UTC,ASSAULT,41.965584936,-87.726732436,SIMPLE
2019-12-19 21:20:00 UTC,ASSAULT,41.798801359,-87.650132602,SIMPLE
2019-12-19 22:10:00 UTC,ASSAULT,41.795987556,-87.583968081,SIMPLE
2019-12-20 02:00:00 UTC,ASSAULT,41.783353826,-87.594707892,SIMPLE
2019-12-20 08:00:00 UTC,ASSAULT,41.816455303,-87.598557379,SIMPLE
2019-12-20 08:15:00 UTC,ASSAULT,41.85098667,-87.722263023,SIMPLE
2019-12-20 08:20:00 UTC,ASSAULT,41.880775433,-87.627029031,SIMPLE
2019-12-20 09:46:00 UTC,ASSAULT,41.869786389,-87.774281815,SIMPLE
2019-12-20 11:00:00 UTC,ASSAULT,41.681054581,-87.614684202,SIMPLE
2019-12-20 11:40:00 UTC,ASSAULT,41.909074617,-87.726485228,PRO EMP HANDS NO/MIN INJURY
2019-12-20 12:16:00 UTC,ASSAULT,41.75158468,-87.577642674,SIMPLE
2019-12-20 13:00:00 UTC,ASSAULT,41.890812201,-87.631681964,SIMPLE
2019-12-20 13:00:00 UTC,ASSAULT,41.764373164,-87.572247332,SIMPLE
2019-12-20 13:10:00 UTC,ASSAULT,41.7751811,-87.750728205,SIMPLE
2019-12-20 13:15:00 UTC,ASSAULT,41.745604221,-87.575880606,PRO EMP HANDS NO/MIN INJURY
2019-12-20 13:15:00 UTC,ASSAULT,41.796875692,-87.667092473,SIMPLE
2019-12-20 14:00:00 UTC,ASSAULT,41.866331725,-87.666379171,SIMPLE
2019-12-20 14:30:00 UTC,ASSAULT,41.74260068,-87.69593449,SIMPLE
2019-12-20 14:30:00 UTC,ASSAULT,41.934844327,-87.681675129,SIMPLE
2019-12-20 14:45:00 UTC,ASSAULT,41.894991356,-87.747120967,SIMPLE
2019-12-20 14:45:00 UTC,ASSAULT,41.858470208,-87.661332684,SIMPLE
2019-12-20 14:50:00 UTC,ASSAULT,41.754691074,-87.557038686,SIMPLE
2019-12-20 17:00:00 UTC,ASSAULT,41.714841235,-87.680660803,SIMPLE
2019-12-20 18:40:00 UTC,ASSAULT,41.775070447,-87.685967607,SIMPLE
2019-12-20 20:52:00 UTC,ASSAULT,41.957462528,-87.747427476,SIMPLE
2019-12-20 21:00:00 UTC,ASSAULT,41.750301596,-87.607634773,SIMPLE
2019-12-20 21:50:00 UTC,ASSAULT,41.844495267,-87.706756412,AGG PO HANDS NO/MIN INJURY
2019-12-20 23:14:00 UTC,ASSAULT,41.693022265,-87.627915204,SIMPLE
2019-12-20 23:23:00 UTC,ASSAULT,41.736922044,-87.551419766,SIMPLE
2019-12-21 00:45:00 UTC,ASSAULT,41.747521583,-87.561313606,SIMPLE
2019-12-21 01:00:00 UTC,ASSAULT,41.869934352,-87.715841027,SIMPLE
2019-12-21 02:45:00 UTC,ASSAULT,41.788339891,-87.740514226,SIMPLE
2019-12-21 02:57:00 UTC,ASSAULT,41.738220344,-87.556310094,SIMPLE
2019-12-21 03:10:00 UTC,ASSAULT,41.865107657,-87.732481465,SIMPLE
2019-12-21 09:00:00 UTC,ASSAULT,41.76460796,-87.68867896,SIMPLE
2019-12-21 09:18:00 UTC,ASSAULT,41.941051091,-87.801333302,AGG PO HANDS NO/MIN INJURY
2019-12-21 09:35:00 UTC,ASSAULT,41.757614433,-87.586115266,SIMPLE
2019-12-21 09:43:00 UTC,ASSAULT,41.699009904,-87.641376336,SIMPLE
2019-12-21 09:59:00 UTC,ASSAULT,41.957421993,-87.653455761,SIMPLE
2019-12-21 10:00:00 UTC,ASSAULT,41.739910481,-87.566058161,SIMPLE
2019-12-21 10:10:00 UTC,ASSAULT,41.953396801,-87.6614761,SIMPLE
2019-12-21 10:58:00 UTC,ASSAULT,41.945238279,-87.712670479,SIMPLE
2019-12-21 11:52:00 UTC,ASSAULT,41.78205732,-87.70322518,SIMPLE
2019-12-21 12:30:00 UTC,ASSAULT,41.721170857,-87.574098015,SIMPLE
2019-12-21 12:40:00 UTC,ASSAULT,41.847609583,-87.711222061,PRO EMP HANDS NO/MIN INJURY
2019-12-21 12:45:00 UTC,ASSAULT,41.752419243,-87.710338999,SIMPLE
2019-12-21 14:00:00 UTC,ASSAULT,41.933162586,-87.679343837,SIMPLE
2019-12-21 15:25:00 UTC,ASSAULT,41.751200475,-87.663460492,SIMPLE
2019-12-21 15:26:00 UTC,ASSAULT,41.673554115,-87.616411124,SIMPLE
2019-12-21 15:45:00 UTC,ASSAULT,41.769925563,-87.637267875,SIMPLE
2019-12-21 16:00:00 UTC,ASSAULT,41.750523314,-87.608848953,SIMPLE
2019-12-21 16:10:00 UTC,ASSAULT,42.019811963,-87.666209262,SIMPLE
2019-12-21 16:11:00 UTC,ASSAULT,41.966105421,-87.659636447,SIMPLE
2019-12-21 16:45:00 UTC,ASSAULT,41.741931588,-87.577015702,SIMPLE
2019-12-21 17:06:00 UTC,ASSAULT,41.730127277,-87.546615031,SIMPLE
2019-12-21 17:15:00 UTC,ASSAULT,41.877039505,-87.729311002,SIMPLE
2019-12-21 17:29:00 UTC,ASSAULT,41.997197687,-87.684983062,SIMPLE
2019-12-21 17:30:00 UTC,ASSAULT,41.972364558,-87.656304974,SIMPLE
2019-12-21 17:30:00 UTC,ASSAULT,41.778877155,-87.708840106,SIMPLE
2019-12-21 17:40:00 UTC,ASSAULT,41.90276665,-87.775386429,SIMPLE
2019-12-21 17:56:00 UTC,ASSAULT,41.874363279,-87.643013039,SIMPLE
2019-12-21 18:00:00 UTC,ASSAULT,41.761885608,-87.57372087,SIMPLE
2019-12-21 18:00:00 UTC,ASSAULT,41.772393165,-87.650148965,SIMPLE
2019-12-21 18:20:00 UTC,ASSAULT,41.893349463,-87.623456403,SIMPLE
2019-12-21 20:25:00 UTC,ASSAULT,41.728417297,-87.606144656,SIMPLE
2019-12-21 20:30:00 UTC,ASSAULT,41.843404667,-87.717200848,SIMPLE
2019-12-21 20:34:00 UTC,ASSAULT,41.852023717,-87.686627405,SIMPLE
2019-12-21 21:01:00 UTC,ASSAULT,41.703731612,-87.540103547,SIMPLE
2019-12-21 21:45:00 UTC,ASSAULT,41.811108933,-87.688007507,SIMPLE
2019-12-21 22:49:00 UTC,ASSAULT,41.941484382,-87.753112931,SIMPLE
2019-12-21 22:53:00 UTC,ASSAULT,41.769673145,-87.660306388,SIMPLE
2019-12-21 23:24:00 UTC,ASSAULT,41.764261816,-87.583274378,SIMPLE
2019-12-22 00:55:00 UTC,ASSAULT,41.759327126,-87.586154041,SIMPLE
2019-12-22 01:00:00 UTC,ASSAULT,41.936303373,-87.717307163,SIMPLE
2019-12-22 01:18:00 UTC,ASSAULT,41.737697412,-87.601210874,SIMPLE
2019-12-22 01:20:00 UTC,ASSAULT,41.732498072,-87.596236045,SIMPLE
2019-12-22 02:00:00 UTC,ASSAULT,41.922833076,-87.773249433,SIMPLE
2019-12-22 02:14:00 UTC,ASSAULT,41.658011951,-87.597587374,SIMPLE
2019-12-22 03:00:00 UTC,ASSAULT,41.908827298,-87.719195194,SIMPLE
2019-12-22 06:13:00 UTC,ASSAULT,41.736413756,-87.620523151,SIMPLE
2019-12-22 08:30:00 UTC,ASSAULT,41.836014058,-87.727983225,SIMPLE
2019-12-22 11:00:00 UTC,ASSAULT,41.655178366,-87.605121145,SIMPLE
2019-12-22 11:15:00 UTC,ASSAULT,41.849173995,-87.717365709,SIMPLE
2019-12-22 11:48:00 UTC,ASSAULT,41.844160231,-87.7313416,SIMPLE
2019-12-22 11:59:00 UTC,ASSAULT,42.008669626,-87.688612291,SIMPLE
2019-12-22 12:05:00 UTC,ASSAULT,41.924161168,-87.752241019,SIMPLE
2019-12-22 12:50:00 UTC,ASSAULT,41.966047906,-87.661060061,SIMPLE
2019-12-22 13:10:00 UTC,ASSAULT,41.691357929,-87.621035441,SIMPLE
2019-12-22 13:45:00 UTC,ASSAULT,41.760848923,-87.628063497,SIMPLE
2019-12-22 13:58:00 UTC,ASSAULT,41.904867513,-87.764509221,SIMPLE
2019-12-22 14:15:00 UTC,ASSAULT,41.899552895,-87.624137033,SIMPLE
2019-12-22 14:20:00 UTC,ASSAULT,41.691308512,-87.621032325,SIMPLE
2019-12-22 14:30:00 UTC,ASSAULT,41.721113442,-87.617750867,SIMPLE
2019-12-22 15:00:00 UTC,ASSAULT,41.873805186,-87.694529748,SIMPLE
2019-12-22 15:10:00 UTC,ASSAULT,41.810729022,-87.601726053,SIMPLE
2019-12-22 16:00:00 UTC,ASSAULT,41.884296292,-87.62302414,SIMPLE
2019-12-22 16:33:00 UTC,ASSAULT,41.909588772,-87.748894125,SIMPLE
2019-12-22 17:00:00 UTC,ASSAULT,41.903838027,-87.635561788,SIMPLE
2019-12-22 17:08:00 UTC,ASSAULT,41.742086944,-87.544211909,SIMPLE
2019-12-22 17:15:00 UTC,ASSAULT,41.968763943,-87.678501781,SIMPLE
2019-12-22 17:24:00 UTC,ASSAULT,41.947857457,-87.664033932,SIMPLE
2019-12-22 18:31:00 UTC,ASSAULT,41.794678414,-87.623262756,SIMPLE
2019-12-22 20:04:00 UTC,ASSAULT,41.70973021,-87.642905789,SIMPLE
2019-12-22 20:22:00 UTC,ASSAULT,41.766180812,-87.582126694,SIMPLE
2019-12-22 21:00:00 UTC,ASSAULT,41.844452205,-87.646432188,SIMPLE
2019-12-22 21:40:00 UTC,ASSAULT,41.757614433,-87.586115266,SIMPLE
2019-12-22 22:00:00 UTC,ASSAULT,41.690407702,-87.653082109,SIMPLE
2019-12-22 22:55:00 UTC,ASSAULT,41.885433264,-87.624495193,SIMPLE
2019-12-22 23:12:00 UTC,ASSAULT,41.895003278,-87.62152816,SIMPLE
2019-12-23 00:01:00 UTC,ASSAULT,41.784201467,-87.674036268,SIMPLE
2019-12-23 01:00:00 UTC,ASSAULT,41.861767778,-87.712846942,SIMPLE
2019-12-23 02:05:00 UTC,ASSAULT,41.890943159,-87.623519774,SIMPLE
2019-12-23 02:46:00 UTC,ASSAULT,41.824589398,-87.687134703,SIMPLE
2019-12-23 04:00:00 UTC,ASSAULT,41.866843668,-87.625816668,SIMPLE
2019-12-23 05:41:00 UTC,ASSAULT,41.763229974,-87.616813923,SIMPLE
2019-12-23 08:04:00 UTC,ASSAULT,41.754592961,-87.741528537,SIMPLE
2019-12-23 08:23:00 UTC,ASSAULT,41.867251542,-87.639594427,SIMPLE
2019-12-23 08:37:00 UTC,ASSAULT,41.78134101,-87.609602089,SIMPLE
2019-12-23 09:35:00 UTC,ASSAULT,41.880298941,-87.735464135,SIMPLE
2019-12-23 10:15:00 UTC,ASSAULT,41.926540249,-87.770946006,SIMPLE
2019-12-23 10:15:00 UTC,ASSAULT,41.979435886,-87.906864845,SIMPLE
2019-12-23 10:25:00 UTC,ASSAULT,41.884650262,-87.627915459,SIMPLE
2019-12-23 11:00:00 UTC,ASSAULT,41.90227194,-87.753629703,SIMPLE
2019-12-23 11:00:00 UTC,ASSAULT,41.868541914,-87.639235361,SIMPLE
2019-12-23 11:00:00 UTC,ASSAULT,41.740915815,-87.638673175,SIMPLE
2019-12-23 11:30:00 UTC,ASSAULT,41.881088655,-87.720764494,SIMPLE
2019-12-23 11:53:00 UTC,ASSAULT,41.734684761,-87.671908646,SIMPLE
2019-12-23 12:03:00 UTC,ASSAULT,41.885367342,-87.626266013,SIMPLE
2019-12-23 12:30:00 UTC,ASSAULT,41.896663765,-87.62913127,SIMPLE
2019-12-23 12:30:00 UTC,ASSAULT,41.952548233,-87.714077417,SIMPLE
2019-12-23 13:13:00 UTC,ASSAULT,41.76265,-87.64677388,SIMPLE
2019-12-23 13:20:00 UTC,ASSAULT,41.793234801,-87.693786537,SIMPLE
2019-12-23 14:30:00 UTC,ASSAULT,41.945998581,-87.826740294,SIMPLE
2019-12-23 14:42:00 UTC,ASSAULT,41.772998982,-87.576478539,SIMPLE
2019-12-23 14:45:00 UTC,ASSAULT,41.755117151,-87.66355537,SIMPLE
2019-12-23 16:00:00 UTC,ASSAULT,41.794805772,-87.664605534,SIMPLE
2019-12-23 16:05:00 UTC,ASSAULT,41.759012808,-87.560215615,SIMPLE
2019-12-23 16:13:00 UTC,ASSAULT,41.731893364,-87.552063273,SIMPLE
2019-12-23 16:49:00 UTC,ASSAULT,41.918578314,-87.636183854,SIMPLE
2019-12-23 17:00:00 UTC,ASSAULT,41.882381731,-87.629412971,SIMPLE
2019-12-23 17:00:00 UTC,ASSAULT,41.880715605,-87.726481891,SIMPLE
2019-12-23 18:10:00 UTC,ASSAULT,41.871572705,-87.670077068,SIMPLE
2019-12-23 18:30:00 UTC,ASSAULT,41.715909199,-87.656073092,SIMPLE
2019-12-23 18:55:00 UTC,ASSAULT,41.926558908,-87.631294073,SIMPLE
2019-12-23 19:00:00 UTC,ASSAULT,41.730930097,-87.618671392,SIMPLE
2019-12-23 19:19:00 UTC,ASSAULT,41.738464579,-87.557527261,SIMPLE
2019-12-23 20:30:00 UTC,ASSAULT,41.925522178,-87.644530656,SIMPLE
2019-12-23 21:00:00 UTC,ASSAULT,41.682518583,-87.638543846,SIMPLE
2019-12-23 21:15:00 UTC,ASSAULT,41.970251178,-87.656246454,SIMPLE
2019-12-23 21:30:00 UTC,ASSAULT,41.786343156,-87.697609774,SIMPLE
2019-12-23 21:35:00 UTC,ASSAULT,41.779590115,-87.586443151,SIMPLE
2019-12-23 23:42:00 UTC,ASSAULT,41.788389661,-87.632836629,SIMPLE
2019-12-24 02:51:00 UTC,ASSAULT,41.958058533,-87.713046105,SIMPLE
2019-12-24 03:10:00 UTC,ASSAULT,41.90351448,-87.667498444,SIMPLE
2019-12-24 05:25:00 UTC,ASSAULT,41.76946214,-87.6712216,SIMPLE
2019-12-24 05:32:00 UTC,ASSAULT,41.961628063,-87.666419454,SIMPLE
2019-12-24 07:20:00 UTC,ASSAULT,41.657321134,-87.605898416,SIMPLE
2019-12-24 07:50:00 UTC,ASSAULT,41.884276844,-87.622098929,SIMPLE
2019-12-24 09:00:00 UTC,ASSAULT,41.775015522,-87.683530209,SIMPLE
2019-12-24 09:50:00 UTC,ASSAULT,41.894880861,-87.761674181,SIMPLE
2019-12-24 11:20:00 UTC,ASSAULT,41.903570031,-87.690736024,SIMPLE
2019-12-24 12:06:00 UTC,ASSAULT,41.769841049,-87.662738721,SIMPLE
2019-12-24 12:14:00 UTC,ASSAULT,41.90079778,-87.625309724,SIMPLE
2019-12-24 13:15:00 UTC,ASSAULT,41.765618973,-87.619694123,SIMPLE
2019-12-24 13:19:00 UTC,ASSAULT,41.8603898,-87.706715067,SIMPLE
2019-12-24 14:15:00 UTC,ASSAULT,41.886492864,-87.700165457,SIMPLE
2019-12-24 14:20:00 UTC,ASSAULT,41.772831306,-87.591159004,SIMPLE
2019-12-24 15:13:00 UTC,ASSAULT,41.782987366,-87.615692028,SIMPLE
2019-12-24 15:13:00 UTC,ASSAULT,41.891694878,-87.626155832,SIMPLE
2019-12-24 16:15:00 UTC,ASSAULT,41.944815781,-87.649414002,SIMPLE
2019-12-24 17:00:00 UTC,ASSAULT,41.803729645,-87.703849125,SIMPLE
2019-12-24 17:15:00 UTC,ASSAULT,41.812665108,-87.705368332,SIMPLE
2019-12-24 18:00:00 UTC,ASSAULT,41.903570031,-87.690736024,SIMPLE
2019-12-24 18:00:00 UTC,ASSAULT,41.894660159,-87.655994998,SIMPLE
2019-12-24 19:23:00 UTC,ASSAULT,41.729170867,-87.551235346,SIMPLE
2019-12-24 19:54:00 UTC,ASSAULT,41.89810642,-87.718842458,SIMPLE
2019-12-24 20:00:00 UTC,ASSAULT,41.749098318,-87.707252519,SIMPLE
2019-12-24 20:30:00 UTC,ASSAULT,41.949124386,-87.706662873,SIMPLE
2019-12-24 21:09:00 UTC,ASSAULT,41.903117865,-87.759231358,SIMPLE
2019-12-24 21:18:00 UTC,ASSAULT,41.940039093,-87.831334108,SIMPLE
2019-12-24 22:00:00 UTC,ASSAULT,41.757057579,-87.722176303,SIMPLE
2019-12-24 22:18:00 UTC,ASSAULT,41.807887928,-87.722790148,SIMPLE
2019-12-25 01:05:00 UTC,ASSAULT,41.88195578,-87.700011953,SIMPLE
2019-12-25 01:35:00 UTC,ASSAULT,41.841700279,-87.711055441,SIMPLE
2019-12-25 01:40:00 UTC,ASSAULT,41.743329415,-87.711735027,AGG PO HANDS NO/MIN INJURY
2019-12-25 04:01:00 UTC,ASSAULT,41.655385457,-87.613161935,SIMPLE
2019-12-25 05:30:00 UTC,ASSAULT,41.731950831,-87.637425221,SIMPLE
2019-12-25 05:47:00 UTC,ASSAULT,41.885653667,-87.754345511,SIMPLE
2019-12-25 06:03:00 UTC,ASSAULT,41.860203161,-87.706709547,SIMPLE
2019-12-25 07:00:00 UTC,ASSAULT,41.766295804,-87.616886113,SIMPLE
2019-12-25 07:30:00 UTC,ASSAULT,41.910006508,-87.676887355,SIMPLE
2019-12-25 08:15:00 UTC,ASSAULT,41.847448579,-87.706342221,SIMPLE
2019-12-25 09:21:00 UTC,ASSAULT,41.775212582,-87.647098179,SIMPLE
2019-12-25 09:40:00 UTC,ASSAULT,41.70100255,-87.720715305,SIMPLE
2019-12-25 09:59:00 UTC,ASSAULT,41.745149479,-87.594123582,SIMPLE
2019-12-25 10:00:00 UTC,ASSAULT,41.726040953,-87.651849144,SIMPLE
2019-12-25 10:00:00 UTC,ASSAULT,41.771914807,-87.687484033,SIMPLE
2019-12-25 10:45:00 UTC,ASSAULT,41.886893085,-87.745509336,SIMPLE
2019-12-25 10:51:00 UTC,ASSAULT,42.013050376,-87.778625857,SIMPLE
2019-12-25 12:18:00 UTC,ASSAULT,41.961136383,-87.712325027,SIMPLE
2019-12-25 12:45:00 UTC,ASSAULT,41.745340136,-87.605070606,SIMPLE
2019-12-25 13:15:00 UTC,ASSAULT,41.882182723,-87.768782954,SIMPLE
2019-12-25 13:40:00 UTC,ASSAULT,41.852534107,-87.728422105,SIMPLE
2019-12-25 14:15:00 UTC,ASSAULT,41.702795291,-87.611201318,SIMPLE
2019-12-25 14:50:00 UTC,ASSAULT,41.758028108,-87.637568716,SIMPLE
2019-12-25 18:00:00 UTC,ASSAULT,41.965741907,-87.665523485,SIMPLE
2019-12-25 18:59:00 UTC,ASSAULT,41.883940931,-87.706205902,SIMPLE
2019-12-25 19:30:00 UTC,ASSAULT,41.899014681,-87.775264817,SIMPLE
2019-12-25 19:46:00 UTC,ASSAULT,41.75033427,-87.665045312,SIMPLE
2019-12-25 22:35:00 UTC,ASSAULT,41.946134639,-87.804573608,SIMPLE
2019-12-25 23:00:00 UTC,ASSAULT,41.657907623,-87.600157483,SIMPLE
2019-12-25 23:00:00 UTC,ASSAULT,41.880972165,-87.758753958,SIMPLE
2019-12-25 23:00:00 UTC,ASSAULT,41.851419826,-87.733108763,SIMPLE
2019-12-25 23:22:00 UTC,ASSAULT,41.91114951,-87.699109914,SIMPLE
2019-12-25 23:38:00 UTC,ASSAULT,41.884472382,-87.633378182,AGG PO HANDS NO/MIN INJURY
2019-12-26 01:16:00 UTC,ASSAULT,41.846472735,-87.693605251,SIMPLE
2019-12-26 01:34:00 UTC,ASSAULT,41.951061596,-87.658221489,SIMPLE
2019-12-26 02:00:00 UTC,ASSAULT,41.945842144,-87.824874189,SIMPLE
2019-12-26 02:45:00 UTC,ASSAULT,41.908430535,-87.638509526,SIMPLE
2019-12-26 03:30:00 UTC,ASSAULT,41.765320781,-87.60801171,SIMPLE
2019-12-26 05:05:00 UTC,ASSAULT,41.744834553,-87.606270903,SIMPLE
2019-12-26 06:00:00 UTC,ASSAULT,41.746777025,-87.582301637,SIMPLE
2019-12-26 07:00:00 UTC,ASSAULT,41.77397842,-87.740936107,SIMPLE
2019-12-26 10:00:00 UTC,ASSAULT,41.870737693,-87.723925411,SIMPLE
2019-12-26 10:30:00 UTC,ASSAULT,41.779802622,-87.641414048,PRO EMP HANDS NO/MIN INJURY
2019-12-26 10:50:00 UTC,ASSAULT,41.888517742,-87.765150087,SIMPLE
2019-12-26 11:45:00 UTC,ASSAULT,41.77268594,-87.605758495,SIMPLE
2019-12-26 12:25:00 UTC,ASSAULT,41.687216564,-87.653170643,SIMPLE
2019-12-26 12:30:00 UTC,ASSAULT,41.865797718,-87.623085763,SIMPLE
2019-12-26 13:10:00 UTC,ASSAULT,41.778661058,-87.68227253,SIMPLE
2019-12-26 13:45:00 UTC,ASSAULT,41.649302491,-87.559311478,SIMPLE
2019-12-26 14:24:00 UTC,ASSAULT,41.77397842,-87.740936107,SIMPLE
2019-12-26 14:30:00 UTC,ASSAULT,42.012234801,-87.685772368,SIMPLE
2019-12-26 14:50:00 UTC,ASSAULT,41.933285383,-87.712334335,SIMPLE
2019-12-26 15:02:00 UTC,ASSAULT,41.748486365,-87.602675062,SIMPLE
2019-12-26 16:00:00 UTC,ASSAULT,41.779205903,-87.650846588,SIMPLE
2019-12-26 16:02:00 UTC,ASSAULT,41.757026072,-87.638415174,SIMPLE
2019-12-26 16:12:00 UTC,ASSAULT,41.801765956,-87.723405745,SIMPLE
2019-12-26 16:29:00 UTC,ASSAULT,41.676196388,-87.622956008,SIMPLE
2019-12-26 16:47:00 UTC,ASSAULT,41.89655687,-87.636801732,SIMPLE
2019-12-26 17:00:00 UTC,ASSAULT,41.946562888,-87.713021546,SIMPLE
2019-12-26 17:15:00 UTC,ASSAULT,41.77397842,-87.740936107,SIMPLE
2019-12-26 17:30:00 UTC,ASSAULT,41.786219214,-87.705010461,SIMPLE
2019-12-26 17:45:00 UTC,ASSAULT,41.656717889,-87.597356925,SIMPLE
2019-12-26 18:10:00 UTC,ASSAULT,41.923792233,-87.703107619,SIMPLE
2019-12-26 18:20:00 UTC,ASSAULT,41.736264617,-87.627929503,SIMPLE
2019-12-26 18:30:00 UTC,ASSAULT,42.00950441,-87.690668075,SIMPLE
2019-12-26 19:10:00 UTC,ASSAULT,41.910659259,-87.638577202,SIMPLE
2019-12-26 19:20:00 UTC,ASSAULT,41.895761856,-87.685705175,SIMPLE
2019-12-26 21:00:00 UTC,ASSAULT,41.792165734,-87.62077855,SIMPLE
2019-12-26 21:01:00 UTC,ASSAULT,41.742755467,-87.647513507,SIMPLE
2019-12-26 21:36:00 UTC,ASSAULT,41.809092623,-87.632853216,SIMPLE
2019-12-26 22:47:00 UTC,ASSAULT,41.954507152,-87.653372774,SIMPLE
2019-12-27 03:00:00 UTC,ASSAULT,41.908506374,-87.76951727,SIMPLE
2019-12-27 03:45:00 UTC,ASSAULT,41.896175186,-87.632703129,SIMPLE
2019-12-27 05:45:00 UTC,ASSAULT,41.908430535,-87.638509526,SIMPLE
2019-12-27 07:30:00 UTC,ASSAULT,41.768707278,-87.653336935,SIMPLE
2019-12-27 10:00:00 UTC,ASSAULT,41.767884204,-87.646912356,SIMPLE
2019-12-27 11:40:00 UTC,ASSAULT,41.772121338,-87.669790205,SIMPLE
2019-12-27 11:58:00 UTC,ASSAULT,41.865367696,-87.624107457,SIMPLE
2019-12-27 12:20:00 UTC,ASSAULT,42.016070938,-87.667032181,SIMPLE
2019-12-27 12:30:00 UTC,ASSAULT,41.902328043,-87.631401618,SIMPLE
2019-12-27 12:33:00 UTC,ASSAULT,41.800519861,-87.591811481,SIMPLE
2019-12-27 14:14:00 UTC,ASSAULT,41.736126864,-87.629184056,SIMPLE
2019-12-27 14:20:00 UTC,ASSAULT,41.751599476,-87.650127627,SIMPLE
2019-12-27 14:50:00 UTC,ASSAULT,41.761842824,-87.626799068,SIMPLE
2019-12-27 15:11:00 UTC,ASSAULT,41.88371775,-87.72698964,SIMPLE
2019-12-27 15:22:00 UTC,ASSAULT,41.884493832,-87.627021129,SIMPLE
2019-12-27 15:45:00 UTC,ASSAULT,41.883750613,-87.750293777,SIMPLE
2019-12-27 17:00:00 UTC,ASSAULT,41.775417555,-87.63331142,SIMPLE
2019-12-27 20:13:00 UTC,ASSAULT,41.922854115,-87.770816697,SIMPLE
2019-12-27 20:30:00 UTC,ASSAULT,41.851988885,-87.689219118,SIMPLE
2019-12-27 21:07:00 UTC,ASSAULT,41.754368245,-87.584478057,SIMPLE
2019-12-27 21:40:00 UTC,ASSAULT,41.765318105,-87.583654287,SIMPLE
2019-12-27 22:10:00 UTC,ASSAULT,41.855772406,-87.623883118,SIMPLE
2019-12-28 03:00:00 UTC,ASSAULT,41.739727015,-87.604910522,SIMPLE
2019-12-28 03:05:00 UTC,ASSAULT,41.873699424,-87.704705156,SIMPLE
2019-12-28 03:30:00 UTC,ASSAULT,41.928473459,-87.648868318,SIMPLE
2019-12-28 04:27:00 UTC,ASSAULT,41.983673036,-87.657174571,SIMPLE
2019-12-28 04:47:00 UTC,ASSAULT,41.776672517,-87.700638237,SIMPLE
2019-12-28 05:35:00 UTC,ASSAULT,41.779975054,-87.630937377,SIMPLE
2019-12-28 05:40:00 UTC,ASSAULT,41.778099133,-87.633828531,SIMPLE
2019-12-28 07:30:00 UTC,ASSAULT,41.906742164,-87.764577073,SIMPLE
2019-12-28 08:00:00 UTC,ASSAULT,41.942274261,-87.762879357,SIMPLE
2019-12-28 09:00:00 UTC,ASSAULT,41.783007093,-87.672020904,SIMPLE
2019-12-28 09:50:00 UTC,ASSAULT,41.853168218,-87.73211605,SIMPLE
2019-12-28 14:45:00 UTC,ASSAULT,41.851746205,-87.706865505,SIMPLE
2019-12-28 15:00:00 UTC,ASSAULT,41.876607964,-87.627644063,SIMPLE
2019-12-28 16:00:00 UTC,ASSAULT,41.678076675,-87.619479744,SIMPLE
2019-12-28 18:06:00 UTC,ASSAULT,41.788158291,-87.697819185,SIMPLE
2019-12-28 19:20:00 UTC,ASSAULT,41.88171846,-87.627760426,SIMPLE
2019-12-28 20:00:00 UTC,ASSAULT,41.88099198,-87.704402338,SIMPLE
2019-12-28 20:25:00 UTC,ASSAULT,41.684809877,-87.642147208,SIMPLE
2019-12-28 21:30:00 UTC,ASSAULT,41.939598666,-87.757933916,SIMPLE
2019-12-28 21:30:00 UTC,ASSAULT,41.722392879,-87.581314566,SIMPLE
2019-12-28 21:53:00 UTC,ASSAULT,41.721517059,-87.638805224,SIMPLE
2019-12-28 22:46:00 UTC,ASSAULT,42.019381754,-87.672484639,SIMPLE
2019-12-28 23:33:00 UTC,ASSAULT,41.748289664,-87.642752968,SIMPLE
2019-12-29 01:21:00 UTC,ASSAULT,41.773212262,-87.690803401,SIMPLE
2019-12-29 03:19:00 UTC,ASSAULT,41.746692431,-87.665020786,SIMPLE
2019-12-29 03:48:00 UTC,ASSAULT,41.880423477,-87.751157594,SIMPLE
2019-12-29 06:15:00 UTC,ASSAULT,41.761200238,-87.628070646,SIMPLE
2019-12-29 08:58:00 UTC,ASSAULT,41.884839745,-87.763346491,SIMPLE
2019-12-29 09:03:00 UTC,ASSAULT,41.657676679,-87.605272313,SIMPLE
2019-12-29 09:15:00 UTC,ASSAULT,41.751709641,-87.642848244,SIMPLE
2019-12-29 09:40:00 UTC,ASSAULT,41.717999726,-87.570977975,SIMPLE
2019-12-29 10:25:00 UTC,ASSAULT,41.886343193,-87.71195183,SIMPLE
2019-12-29 10:41:00 UTC,ASSAULT,41.816085018,-87.623019008,SIMPLE
2019-12-29 10:45:00 UTC,ASSAULT,41.809297059,-87.591967028,SIMPLE
2019-12-29 10:50:00 UTC,ASSAULT,41.857848742,-87.662994729,SIMPLE
2019-12-29 10:59:00 UTC,ASSAULT,41.938816534,-87.747616569,SIMPLE
2019-12-29 11:15:00 UTC,ASSAULT,41.685067053,-87.643385526,SIMPLE
2019-12-29 11:22:00 UTC,ASSAULT,41.996404698,-87.657404014,SIMPLE
2019-12-29 12:11:00 UTC,ASSAULT,41.888676095,-87.636913058,SIMPLE
2019-12-29 13:52:00 UTC,ASSAULT,41.739622639,-87.638119181,SIMPLE
2019-12-29 14:15:00 UTC,ASSAULT,41.830697249,-87.614476891,SIMPLE
2019-12-29 15:00:00 UTC,ASSAULT,41.972978683,-87.692050365,SIMPLE
2019-12-29 15:03:00 UTC,ASSAULT,41.875254895,-87.627618559,SIMPLE
2019-12-29 15:36:00 UTC,ASSAULT,41.774990905,-87.665361322,SIMPLE
2019-12-29 17:30:00 UTC,ASSAULT,41.860351383,-87.706715442,SIMPLE
2019-12-29 18:10:00 UTC,ASSAULT,41.751103181,-87.56258266,SIMPLE
2019-12-29 18:18:00 UTC,ASSAULT,41.87270229,-87.726462233,SIMPLE
2019-12-29 19:00:00 UTC,ASSAULT,41.881214017,-87.764891645,SIMPLE
2019-12-29 19:35:00 UTC,ASSAULT,41.740828049,-87.651047929,AGG PO HANDS NO/MIN INJURY
2019-12-29 19:55:00 UTC,ASSAULT,41.751128044,-87.614247622,SIMPLE
2019-12-29 20:00:00 UTC,ASSAULT,41.883578698,-87.709734846,SIMPLE
2019-12-29 20:57:00 UTC,ASSAULT,41.908739799,-87.726481051,SIMPLE
2019-12-29 21:09:00 UTC,ASSAULT,41.907713215,-87.64333716,SIMPLE
2019-12-29 22:30:00 UTC,ASSAULT,41.920932632,-87.717756333,SIMPLE
2019-12-29 23:11:00 UTC,ASSAULT,41.692576964,-87.623786349,AGG PO HANDS NO/MIN INJURY
2019-12-30 00:52:00 UTC,ASSAULT,41.745645032,-87.614264836,SIMPLE
2019-12-30 02:59:00 UTC,ASSAULT,41.926615689,-87.774594385,SIMPLE
2019-12-30 07:00:00 UTC,ASSAULT,41.778512834,-87.735270282,SIMPLE
2019-12-30 08:30:00 UTC,ASSAULT,41.882182813,-87.768801314,SIMPLE
2019-12-30 09:00:00 UTC,ASSAULT,41.755669188,-87.636857533,SIMPLE
2019-12-30 10:00:00 UTC,ASSAULT,41.751164599,-87.612198632,SIMPLE
2019-12-30 11:49:00 UTC,ASSAULT,41.852868298,-87.63091491,SIMPLE
2019-12-30 12:02:00 UTC,ASSAULT,41.939920598,-87.653193291,SIMPLE
2019-12-30 12:20:00 UTC,ASSAULT,41.878962554,-87.688801432,SIMPLE
2019-12-30 13:00:00 UTC,ASSAULT,41.88099198,-87.704402338,SIMPLE
2019-12-30 13:15:00 UTC,ASSAULT,41.872790905,-87.70467367,SIMPLE
2019-12-30 13:45:00 UTC,ASSAULT,41.683160175,-87.642087985,SIMPLE
2019-12-30 14:00:00 UTC,ASSAULT,41.919224335,-87.63772739,SIMPLE
2019-12-30 14:25:00 UTC,ASSAULT,41.767490881,-87.684540891,SIMPLE
2019-12-30 15:18:00 UTC,ASSAULT,41.781022442,-87.687850954,SIMPLE
2019-12-30 15:58:00 UTC,ASSAULT,41.736491541,-87.615385513,SIMPLE
2019-12-30 15:58:00 UTC,ASSAULT,41.721001723,-87.629880344,SIMPLE
2019-12-30 16:40:00 UTC,ASSAULT,41.752149728,-87.605224518,SIMPLE
2019-12-30 16:43:00 UTC,ASSAULT,41.931644359,-87.657430348,SIMPLE
2019-12-30 17:00:00 UTC,ASSAULT,41.857848742,-87.662994729,SIMPLE
2019-12-30 17:15:00 UTC,ASSAULT,41.746178017,-87.643911577,SIMPLE
2019-12-30 17:30:00 UTC,ASSAULT,41.812909696,-87.723773239,SIMPLE
2019-12-30 18:10:00 UTC,ASSAULT,41.736277427,-87.62510451,SIMPLE
2019-12-30 18:20:00 UTC,ASSAULT,41.890993242,-87.666203484,SIMPLE
2019-12-30 19:34:00 UTC,ASSAULT,42.014277687,-87.678248531,SIMPLE
2019-12-30 19:50:00 UTC,ASSAULT,41.73614018,-87.62911796,SIMPLE
2019-12-30 19:50:00 UTC,ASSAULT,41.747090733,-87.68277849,SIMPLE
2019-12-30 20:00:00 UTC,ASSAULT,41.815481563,-87.698528602,SIMPLE
2019-12-30 20:28:00 UTC,ASSAULT,41.761360118,-87.657875195,SIMPLE
2019-12-30 21:00:00 UTC,ASSAULT,41.790894592,-87.604940233,SIMPLE
2019-12-30 21:00:00 UTC,ASSAULT,41.759757214,-87.607872778,SIMPLE
2019-12-30 22:00:00 UTC,ASSAULT,41.765306435,-87.579354758,SIMPLE
2019-12-31 00:01:00 UTC,ASSAULT,41.940292114,-87.638700362,SIMPLE
2019-12-31 03:10:00 UTC,ASSAULT,41.748619927,-87.657682615,SIMPLE
2019-12-31 07:40:00 UTC,ASSAULT,41.979958887,-87.708784316,SIMPLE
2019-12-31 09:15:00 UTC,ASSAULT,41.744186314,-87.58649817,SIMPLE
2019-12-31 10:30:00 UTC,ASSAULT,42.018748975,-87.673157281,SIMPLE
2019-12-31 11:25:00 UTC,ASSAULT,41.764420649,-87.630978762,SIMPLE
2019-12-31 11:52:00 UTC,ASSAULT,41.815542373,-87.626249524,SIMPLE
2019-12-31 12:20:00 UTC,ASSAULT,41.737316454,-87.652162297,SIMPLE
2019-12-31 13:00:00 UTC,ASSAULT,41.828762287,-87.614436164,SIMPLE
2019-12-31 13:40:00 UTC,ASSAULT,41.757975459,-87.613870647,SIMPLE
2019-12-31 13:46:00 UTC,ASSAULT,41.890081244,-87.62704405,SIMPLE
2019-12-31 13:52:00 UTC,ASSAULT,41.677800003,-87.642921387,SIMPLE
2019-12-31 14:30:00 UTC,ASSAULT,41.852259585,-87.670239925,SIMPLE
2019-12-31 15:00:00 UTC,ASSAULT,41.884583424,-87.734021354,AGG PO HANDS NO/MIN INJURY
2019-12-31 15:00:00 UTC,ASSAULT,41.682500489,-87.656668814,SIMPLE
2019-12-31 19:17:00 UTC,ASSAULT,41.935432921,-87.668504341,SIMPLE
2019-12-31 19:20:00 UTC,ASSAULT,41.958016264,-87.717940022,SIMPLE
2019-12-31 19:47:00 UTC,ASSAULT,41.828762287,-87.614436164,SIMPLE
2019-12-31 20:00:00 UTC,ASSAULT,41.979250245,-87.76021774,SIMPLE
2019-12-31 20:00:00 UTC,ASSAULT,41.808052976,-87.674675749,SIMPLE
2019-12-31 22:34:00 UTC,ASSAULT,41.93295438,-87.668416153,SIMPLE
2019-12-31 22:37:00 UTC,ASSAULT,41.889179572,-87.633062369,SIMPLE
2019-12-31 22:50:00 UTC,ASSAULT,41.748047193,-87.665805608,SIMPLE
